PC1 (Intensidad/Calidad),PC2 (Balance/Matices),Cluster
8.406550309430353,-0.37504214762194643,0
7.773030906832216,-0.5563975997251213,0
6.736255815884967,0.03204129838504087,0
6.556025958290781,0.7257223689336143,0
6.428982365677401,0.517837194256871,0
6.720111131025275,-0.5168633713670333,0
6.422025156713853,-0.30041163095109014,0
6.502903300019061,0.521070748579735,0
7.458504556693409,-0.5940974428037683,0
5.763348361251256,-0.9191238332026167,0
5.491399534676084,-1.129793391636367,0
5.387400238000933,-0.31878124215656906,0
5.601413066633051,-0.44799119282982075,0
5.297205747845826,-0.19360706162031652,0
6.907757727269327,1.35656623501018,0
5.4130872618999195,0.13507330869128328,0
4.961639517689223,1.0071560867728404,0
5.901932948968852,0.8094759783610656,0
4.660902946943734,-1.0252169724563036,0
4.745598373598674,0.19298714751402957,0
4.9864785401304434,0.508231132738548,0
4.633978505262212,0.13604521364947653,0
4.3363469701807045,-0.5796651664782142,0
4.748073813001129,-0.8179773788870155,0
4.892954858051329,0.012651399689511744,0
4.872498502458811,-1.0943381705675908,0
4.462174609993647,0.8694037575474495,0
4.459906553523993,-1.2763828074016947,0
4.133939584214331,-0.02499968024028037,0
4.128913316542516,0.2863799793186848,0
4.346042248452543,0.20158266459290003,0
4.016628234787584,-1.7570869916117533,0
4.138840100405311,-0.8498200521779646,0
3.488681675441637,-0.45996458166922766,0
3.820548055232932,0.41267070858428595,0
3.831635143296138,-0.27636878012311866,0
3.5343962113363334,-0.39102484835744106,0
3.625559724080276,-1.4410724847499903,0
3.7026726822239278,0.7958037351268432,0
3.748487166908682,1.2031802772757014,0
3.2955389811247056,-0.7385012104595721,0
3.744618463423853,0.735577690266617,0
3.6166042685312965,-0.7309311498596331,0
3.201973577035485,-0.7679855495319561,0
3.6926199143195206,-0.34525962343013566,0
3.6987623636707823,-1.0470553009727073,0
3.520939744025718,0.14954252902397094,0
3.4022533376549884,1.0814004654683624,0
3.4074037464905214,-1.056824989246972,0
3.7212900291696975,-0.3561466124454527,0
3.7276249015269967,0.583026311021251,0
3.408351559712969,-1.2448077632754895,0
3.5310207222127534,0.33628469968799707,0
3.533936142598025,-0.863273685458547,0
3.610435372215925,-0.24342924450571793,0
3.399253964485375,-0.20933749406075944,0
3.4216945266321175,0.4053355716309765,0
3.402466313327932,0.09146950939810289,0
3.400400957583157,-0.3882619480373192,0
3.3085056807030195,0.33663401387315783,0
3.324456736766066,-0.23390840351736975,0
5.052415097713708,-0.523422217400748,0
3.1176020690792403,-0.47286075999985205,0
3.1952987722935258,0.5324135671315369,0
3.106103186360184,0.7740991850616757,0
3.1237426604580887,0.13909078079625034,0
2.9940178734573903,-0.05568237312147114,0
2.973823606205361,0.2452855376331921,0
2.8900370984278796,-1.172794609589298,0
3.1819495863574536,-0.10617093561364838,0
2.7948458415529283,0.4465109574924401,0
2.898791641238167,-0.01950000425590386,0
2.591782399243431,-0.19471404023869107,0
2.8847898868549287,-0.3322944105966868,0
2.969628257081978,-0.396146037374635,0
2.8966167713145876,-0.3951159097528557,0
2.924910977180457,0.8790211964322499,0
3.618484018276708,0.38264989638155394,0
2.836694916377899,1.210291942436548,0
2.9087148183090035,0.10501489851954296,0
3.0056266006874663,-0.38024556573418933,0
2.6714653024316006,-0.1090010872434582,0
2.788226008798931,-0.37017717031446784,0
2.9053649903879863,-0.049546077501528216,0
2.770507114956924,-1.1949706115599765,0
2.8050487108625313,0.946821094643113,0
2.592970497537516,0.8864147183701042,0
2.707587407780103,-1.0940661846820694,0
2.699875643793274,0.6959516215235346,0
2.897348375883316,-0.19484372363050706,0
3.216910487812217,-0.7778707395703035,0
2.554957853767191,0.9171030826417367,0
2.3720649206157356,0.07674377310423469,0
3.9405805305851147,0.13188569329157415,0
2.703459481755069,0.5366938040807051,0
2.6097469292596767,0.7960507388672943,0
2.384281080003542,-0.989191121844363,0
2.584847564338263,-0.43090486258544997,0
2.489454383826148,0.2885968758348577,0
2.26329998827221,-0.313392283566385,0
2.573108030681916,-0.9009751628865004,0
2.5945340993021277,0.5975835550458818,0
2.384412133880951,-0.8036850512233326,0
2.5771243219112536,-1.2235012153823748,0
2.590707249328837,0.8272297613550933,0
2.395749320781847,-0.32974661409728695,0
2.496856921611169,0.1578210403073146,0
2.4577264891021913,-0.05389299056543122,0
2.3832907103699794,0.9501821732055324,0
2.4756572800199326,-0.46389362334818984,0
2.364911315997546,0.22689884294246984,0
2.049344953860819,-0.473455851365107,0
2.605425691404022,0.11642212511347262,0
2.368571382725149,-1.147715859355639,0
2.8025068927705385,-0.021043445883556198,0
2.1427432247599407,0.11616951115601609,0
2.4259259048010517,1.224927164793801,0
2.0539493710342787,0.6885224048688492,0
2.1919851116483633,-0.09458105753348428,0
2.289784127983274,0.8478851666364535,0
2.081757311642805,0.7096482613770567,0
2.160665564419583,-0.18500923455520726,0
1.8681764883262937,-0.3242746667078549,0
3.2023032543458707,-0.225821768727798,0
1.432016805812327,0.01833685955865745,0
1.9684447605801738,0.04019227156030487,0
2.0671492112431156,-0.2565265055393472,0
1.8686749259380928,1.031010477745184,0
2.033418934038392,-0.958967764189375,0
2.180056040627493,0.46138927443701494,0
2.0730585304056994,-0.5657184023864194,0
2.048127216332108,-1.054295055346557,0
2.3034574391269906,0.9220485868863306,0
1.9439667011620423,-0.2824528557832209,0
2.8745206313592844,0.027942921076979883,0
2.280339577549118,-0.4674524908365385,0
2.0517969119373305,0.13255532459790872,0
2.163543313809238,-0.4374327201460566,0
2.3522765445628884,-0.3818759788086206,0
1.9619614783975947,0.0864597618138837,0
2.0629838254373025,0.5189408701429209,0
2.174471750644871,-0.47667778438778274,0
2.0755288083123977,0.7028654308078,0
2.186822150659634,1.4592089257184375,0
2.0408323980550405,-0.47416571104491395,0
1.741518832381458,-0.09974697723204462,0
2.1778362075739004,-0.15356337120433022,0
1.9284374588291004,-0.42285917655042365,0
2.064397958620654,0.13137617907817487,0
1.6554828528150258,-0.8845785554710223,0
1.9975994874608516,0.6236377661864644,0
1.9260212301208675,-0.06940792714557259,0
2.166939030880003,0.061110336158442524,0
2.1483134657801024,-0.07805629610838413,0
2.1808587822985848,0.14636573996643948,0
1.7727291607392217,1.66384614664657,0
2.161789974695005,-0.9118886267451176,0
2.4523121976907105,-1.9624398636691762,0
1.7711348610109143,-0.5319836699917393,0
1.9693776325858507,-0.005828928910159183,0
1.881513523394201,-0.044033004625913245,0
1.8468791846969153,-0.8341439393505334,0
2.059430488709044,-0.7657537019420221,0
1.8806422387441086,-0.028882699294259774,0
2.362285085174014,-0.8652251714529224,0
2.174640438749647,-0.47589743568725584,0
1.862791411172593,-1.1179671983923976,0
2.1603071021969353,-0.1866674755438266,0
1.9587344494316046,-0.4113029457900887,0
2.1694096713337134,-0.48223394820698917,0
2.0639405969809768,-0.841061756023826,0
1.759322163744019,0.012537028454679982,0
1.6414199828784783,0.6043284624727595,0
2.0955910090822414,0.08632515707322526,0
1.9726726155540373,-0.41282008486259847,0
1.9427707953818114,-0.7120891366938531,0
1.8445232440453008,-0.7095272630106924,0
1.8859135230946067,0.15770247753964933,0
1.9825331802623014,0.9655388475716278,0
1.3222844579391717,1.1858926718723193,0
2.0814943146365024,-0.5284183976392303,0
2.107206864650499,0.9645109198684455,0
1.7766005911639096,0.79194881215196,0
1.7489112103850095,0.38495753232485064,0
2.3872567499708754,0.977998574105575,0
1.2802428329751505,0.18835500823715468,1
1.7437229129134384,-1.0361341217861908,0
1.8622917720593184,-1.4520603425527991,0
1.6577301970827663,-0.6012804643009328,0
1.8405372358225425,-0.34462017451553567,0
1.6678855989846213,1.2268343413438105,0
1.8543117225677572,-0.31043000182317276,0
1.4551408225934281,0.14981838820233356,0
1.6124482187122293,0.13368319395964226,0
1.7570296600105488,0.12743188641566497,0
1.7602722968239026,-0.4550854562453868,0
1.7460563111603242,-0.04425752250427328,0
1.6502274126460994,0.29238501772789305,0
1.761738497224569,0.4459217694782585,0
1.6384515184604995,-0.20181054599693676,0
1.6639642283956961,1.2737100899759501,0
1.654303456879559,-0.25679923197379073,0
1.7505114337722114,-0.21866564527875637,0
1.6370576690507017,-0.45814736063210015,0
1.6420369728808855,1.0600195802308454,0
2.4883734031032243,1.469364791178567,0
1.7474530929109966,-0.715648004182202,0
1.7636561143013152,-0.025161773111716183,0
1.6479942242826082,-0.6999720504201163,0
1.8660936438974032,-0.612588241123735,0
1.6436198309372643,-0.0891739397685643,0
1.637246378918535,0.08867885831590477,0
1.3476472027151694,-0.8307264981976089,1
1.8456188631591883,-0.005224914454903684,0
1.7776757410785042,-0.2299949894418244,0
1.5505479939625895,0.5495455383477433,0
1.7506708881152533,0.5022403886452442,0
1.5389239105173937,0.15152186790169406,0
1.663372093175203,0.4858888898949332,0
1.5255455202221928,-0.06573578572255334,0
1.6502910009069045,0.6066965631411859,0
1.7666797383990271,-0.3575755472172564,0
1.8994455838111934,1.4242493498881252,0
1.559513224846409,0.2998293614914561,0
1.6418600298537283,0.530531429326387,0
1.7388430776358592,0.4604165476623781,0
2.0678792822343297,0.1582974635924075,0
2.235825155271541,-1.2548504277698629,0
1.8606987542214706,0.31261352253104935,0
1.7319111048980276,0.37544109443445467,0
1.7477436011314478,0.1907641003628291,0
1.604793579879109,-0.31062928230828246,0
1.7912003321852297,1.0749414841225862,0
1.3406020261345057,0.6100650826136568,0
1.6687768055896728,0.045188533712008684,0
1.6681646287648924,-0.4493677131136871,0
1.6670630318861885,0.3582823162914407,0
2.008450669253816,-0.5465040187219432,0
1.4554856684128399,0.11298948438745245,0
3.011590005816767,0.17018844238261815,0
1.5534395148098643,0.6639685788974825,0
1.2091041384059296,-0.9962788205081587,1
1.4688650861898283,0.5467079889869783,0
1.6685129312060707,0.1677708729593708,0
1.3163338690235746,0.02045384652274838,1
1.757067294237915,-0.05729383550483884,0
1.334140758472066,-0.35277152904347614,0
1.3560267997844515,0.1286654381495381,0
1.5351633154223139,0.7713421992100243,0
0.7380182248154077,0.1744888496940725,1
1.328972249659584,0.17212155400361848,1
1.255389097870993,1.111576631693953,1
1.557994622980061,0.06558808732488064,0
1.578931212268467,0.6145733160124224,0
4.775246338461552,0.4618102567890387,0
1.5703828903261583,0.4168102085999393,0
1.6433200889550799,-0.2754603590901215,0
1.1166519478658963,0.09860730321791031,1
0.4168567817536159,0.08688460359022444,1
1.2371743274764886,-1.0665928860387217,1
1.2381930571255941,0.23349411087810992,1
1.2190023373415597,0.19735439000556385,1
2.057856727162963,0.13855780646663873,0
1.447907985517959,0.41144086478928477,0
1.5259772421015223,0.41070204435906965,0
1.452521673221404,0.0908842581645763,0
1.337091908225617,-0.5928674888221533,0
1.4321972607577782,0.03645527630273049,0
1.5498780229170814,0.3442628099940205,0
2.109574823055996,-1.089333319894508,0
1.6511525139338812,0.13544711732040124,0
1.4415107940827765,0.4038776855195012,0
1.2367926269305187,0.6849668989662022,1
2.1919851116483633,-0.09458105753348428,0
1.2217693343374936,-0.5395409171267601,1
1.441748221502269,0.06700157408348284,0
1.1317494683195088,-0.23742420609650977,1
1.3524564218083128,0.21558902898623192,0
1.2507225381305698,0.15474195768976048,1
0.9215608274784416,1.3002518713435278,1
1.1303995545579362,-0.4708851315625586,1
1.2437057002607455,-0.3089878671897844,1
1.6276003366675342,0.9683312389114708,0
1.314024498061912,0.26931401613745465,0
1.2196880527605403,0.05364449584448458,1
1.2785937193215233,0.8036756850945789,0
1.3345192056895196,0.9573417598278121,0
1.015222663555234,-0.06349905208375348,1
1.3533900210210972,0.7236012544121541,0
1.074439909112616,-0.1887860409004829,1
1.1306900627783871,0.43552697298247245,1
1.1235508104001646,-0.7609066234326798,1
1.5545004539285008,-0.22353438319090527,0
1.2241594625550676,0.7090104903430966,1
1.5639375715210468,0.36778369786283044,0
1.0172077593609412,0.3112389611251061,1
1.1481173698027343,0.1090451917249426,1
1.1156871396267973,-0.5564312983463298,1
1.1230830558750493,0.28207465346041566,1
1.2637811646805281,-0.3603326782550276,1
1.1302233968432998,-0.43327587904715076,1
1.116520893988487,-0.08689876740312014,1
1.2320848634295152,-1.6317016716355073,1
2.771044298030685,0.8706270094886426,0
1.2501103613057891,-0.33981428913593553,1
1.4165949632983288,1.7018019622563663,0
1.1495488683169093,0.26705084305599963,1
1.3048168863275698,-0.34591858008396376,1
1.0977721561223757,1.9795272621044435,1
1.0217489727202251,0.08300016882726054,1
1.1305213746736118,0.4347466242819457,1
0.7016256896189926,-0.8025322883028592,1
1.0642773562914005,0.6318953112559771,1
1.140394200358149,-0.5840926249321041,1
0.9564257115083075,-0.10207578491598406,1
1.0038964919218667,-1.6647630963062985,1
1.5479493373930528,1.600717519663912,0
1.3661213943747226,0.35389475361706446,0
0.9186914295890287,-0.04984313552257071,1
1.049271705480914,0.8357382432880027,1
0.33511122237523117,0.660866276028182,1
1.037313506787303,0.3022751860591456,1
0.943367084958349,0.412998851028804,1
2.1479076058715445,0.6209971608501733,0
1.2296822654716881,-0.4489518328092363,1
0.8114007303745613,-0.6180026424799049,1
1.3723497013694128,0.9982072734617884,0
1.1204280537814542,0.0006663234701365207,1
0.8909386486602354,-1.2095217746060147,1
3.2375941016433747,-0.18054646620740833,0
1.3485251031520256,-0.1765707299358781,1
1.1922864228070715,1.1886859418720004,1
1.2233548627242505,-1.4265143574918748,1
0.9308129916748126,0.21221175017205382,1
2.9893895567459334,0.09632079634085605,0
0.7218633801742478,0.24106452502643666,1
1.1268291765817975,-0.38396154072586486,1
1.032341393629462,-0.1412356259399559,1
0.9146025910331056,0.26554219516028826,1
1.150392384852089,0.18556821678349963,1
0.9160854635311749,-0.4596789560410029,1
0.9254677361708905,-0.42991300696077744,1
1.0535645651890775,0.328797673754171,1
1.0450373803752868,0.1595343769119826,1
1.0263040441221702,0.2470288548898494,1
1.1103656503147614,0.3810979911206267,1
1.2336245656561302,-0.6065514092634465,1
1.0478834302848679,0.23296961384607148,1
1.0277002314801205,-0.2514336424791824,1
0.9146025910331056,0.26554219516028826,1
1.021210543937719,-0.7127248776695811,1
1.0367296264891916,0.043161788182060255,1
-1.9586735651642193,-1.6121930283401467,2
0.7138061315127051,-0.600226092581449,1
1.0170390712561659,0.31045861242457934,1
1.028961384163918,-0.22636212712406664,1
0.8153709900427409,0.559822382570794,1
1.0417236662691778,-0.11146967685973047,1
0.9489140409882845,1.1982190568529978,1
1.0440136044445865,0.29825137597341866,1
0.9219062075098561,0.01279040177095134,1
1.0358608356749903,0.11875103892067698,1
0.8156076321497129,-0.344151132285091,1
0.9039427045072647,0.6185834647197673,1
0.7311783299727406,0.2402471757189863,1
0.9465133846577961,0.4743715707557074,1
1.0141429932986752,0.14600870028048213,1
-0.0040275450252697355,-0.6513016682004762,1
1.047336258194387,-0.31551484609055286,1
0.7176089821901415,-1.0095874785797905,1
1.1395796918463812,-0.2864071585050749,1
0.9333359272862223,0.1780477171824215,1
1.0516131218968334,1.3294041202142095,1
1.0344674057623007,0.20043768214232796,1
1.0164052140255662,-0.011267193679785436,1
0.8043601109041133,0.872815809925719,1
0.822955047023252,-0.09878336287258868,1
0.8445656933276854,0.06258603920468016,1
0.6118957522440401,-0.01036103488028425,1
-2.0561325856255963,-1.790213849622165,2
0.7254406164405035,0.21177767141509657,1
0.8290359626091507,0.6981281072016267,1
0.9238536690881973,0.5722541369003146,1
0.8215262337164665,0.09182562404704715,1
0.6986094983628902,0.253901062221937,1
0.9246926652814125,-0.32166453860173416,1
1.6768201008178651,1.389039694683684,0
1.019121568425819,-0.5046417634144287,1
0.9358034932100979,-0.29622115711958724,1
0.9281950892553545,0.49616573411798376,1
0.8451408303178221,0.5689400236419829,1
0.8250061919720685,0.5153889340682297,1
0.9272622172496776,0.5421869345884478,1
1.0657020498057834,0.6394914839585839,1
0.6458717117906381,0.8839119145376572,1
1.542556681551444,1.4227302987383106,0
0.8059615432318087,-0.23827076459447402,1
0.7156848537763288,0.2968941026844595,1
0.6913191001706623,-0.5951418096297966,1
0.7976217183204899,0.44199310543771325,1
0.8238838828914512,-0.5394495103056973,1
1.0684415355875687,0.23425073129751567,1
0.8091803172754167,-0.2692158591944336,1
0.7227973164299639,-0.3509050021039396,1
0.8500781401271197,0.157633750412253,1
2.1487157402976824,0.6834660594646947,0
0.36685909394585525,0.4114787776008463,1
1.7661042643659588,0.23605222090173933,0
0.5380137671390776,0.5729168014930147,1
0.9833360252749489,0.5067425951636501,1
0.7355319108265879,-0.10613913159567989,1
1.3355815612816506,-0.29840096078479716,0
0.49699371715309504,-0.27531663002516127,1
0.7356970408454329,0.380150598357796,1
2.0601869018920502,-0.9234719510500407,0
0.9352622517360453,0.7090116417414901,1
0.6139361533988023,-0.9110408676695577,1
0.7217896321319733,0.5422333246975825,1
0.6069236390861992,-0.4538718468793859,1
0.6209016172847324,0.4359157597423354,1
0.6415819309117035,0.4900939146269277,1
0.23750836859099314,0.14993502372270584,1
0.7189840972070788,0.7080397936266918,1
0.9138880045359632,-0.4925735988211455,1
0.7065024782677032,0.41493487844307864,1
1.041634074045332,-1.173849627221409,1
0.5881801430516135,0.24910297618291957,1
0.642728924009485,0.3111694606503681,1
0.7155638189731741,-0.04164024974017832,1
0.5085922846017022,0.015600522446559103,1
2.294757063221887,1.0960842044202308,0
0.593451307752783,-0.4375423960279984,1
0.7211862184563971,-1.0388743321911305,1
0.8597736983896006,-0.29149821437698725,1
0.7135112575508628,-0.2875727881567755,1
0.7257794483666,0.5221234181519859,1
0.6209872238276425,-0.03570601204793119,1
0.8398758334679136,-0.003220470453322291,1
0.843945019411256,-0.6100414573803595,1
0.7218190482052093,-0.9336093770620438,1
0.412333983098183,0.22835085300756328,1
0.5121777757903397,0.5150214710391509,1
0.6299529389159488,0.13236891336268572,1
0.7275218980174566,-0.3814077415561482,1
0.5175929403503725,1.2040761499468209,1
0.7370544440580965,-0.2640889008948892,1
0.7283097632293982,-0.2558572908963668,1
0.5304076281500619,0.5110458445865127,1
0.5194795794727816,-0.5212885767453309,1
0.7416897699831905,1.3824883063984925,1
0.7278344343221047,0.038677596784233714,1
0.8363547843631787,-0.8960255484419402,1
2.7326315938077994,0.8263988175998683,0
0.7077086820597069,-0.4215028525296753,1
0.5084787194084084,-0.36132343119401333,1
0.4003769683039397,0.022170018163620853,1
0.4953442577450548,-1.3325936640882345,1
0.6080511532300906,-7.543131552650709e-05,1
0.5235677333073949,0.5768041706114265,1
0.7283097632293982,-0.2558572908963668,1
0.508376931434043,-0.10798977941463517,1
0.6371350632221982,1.1932098396053425,1
0.5983509465664631,0.09828623029796614,1
0.7223360387511629,-0.31569044228845916,1
0.4071355258451428,-0.5772604560190395,1
0.5052874565789488,-0.6620328910653096,1
0.5166246434798449,-0.18809445393926408,1
0.9853925138336728,0.5016408941820371,1
0.6077396444072303,-0.20369991868062995,1
0.7273758269736821,0.3361122362340095,1
0.6333466513697694,0.28140351157014254,1
0.7133425694460874,-0.28835313685730224,1
0.504944738729774,-1.012683754568731,1
1.538408536430031,0.9546908767987213,0
0.6234117074582572,0.1395505407511496,1
0.8366149192021449,0.19082574145551157,1
1.4348564870521963,-0.9256286154699338,0
2.6899774080893923,0.26472758864500284,0
0.6275003496784632,0.4616948993437577,1
1.040867181391847,0.9738668816618603,1
0.5070819376577359,0.3100670504839155,1
0.1346307920196553,0.811158524881097,1
1.175283198258279,-0.7202625600751464,1
0.6354991104667174,0.837370591841083,1
0.42142100033225377,-0.4946333477905064,1
0.592409847588037,-0.18276030348002947,1
0.5205842591620687,1.1874198139289691,1
0.5193758961023061,-0.5759971385567859,1
0.6215398085143983,0.05096005747099027,1
0.6283857254751853,-0.5611267945381192,1
1.5434081608020205,1.066547134326567,0
0.7234041466509019,0.7202664607385852,1
-0.2938261949934675,0.4421541579196342,1
0.48049446151778014,-0.4697195235465365,1
0.6173518922326252,0.13354805888241963,1
1.1520928581373828,0.0696881491699271,1
0.5229338760767952,0.2550783645070616,1
0.4103753491335964,0.1543011706037576,1
0.4325400320678997,0.031115568912843814,1
0.4340411963655539,0.48517699308169,1
0.31443046131202484,-0.5735121587585053,1
0.4125155022936734,-0.299479056908276,1
0.7095489525303846,-0.5991174360824347,1
0.6286479739372186,-0.6525667165768896,1
0.4235263814323008,-0.612472484263201,1
0.7408891295069027,-0.08420599569476954,1
0.42596322629631395,-0.5928058477294709,1
0.942030380081914,-1.7105262702209425,1
0.5034397164984101,-0.44602870629661545,1
1.431789501406052,0.502141803545428,0
0.6299768016856945,-0.4192033346984067,1
0.30313544385747065,-0.33334570995910834,1
0.5075372448019717,-0.530513707444163,1
-0.3947139188510964,-0.4468253545681445,1
0.3828038084627752,-0.4201616483157468,1
0.5321279816578451,0.9167848344271795,1
0.43433641800577405,-0.14097263682630154,1
0.31161125468736706,0.7191443894154284,1
0.41860284308062373,0.1656803151071176,1
0.925464001590473,-0.1461847599351605,1
0.3082155376166018,0.22060133311092925,1
0.528762689083986,0.2662048597529883,1
1.233126543001447,0.4804433902467636,1
0.5303262908485981,-0.022626303571233904,1
0.7066564862490451,0.21875952299849524,1
0.5461899961083332,-0.060276921504541496,1
0.5253978439966034,1.0146699321431054,1
0.38410759997063143,0.8692560637775316,1
2.2714330812529315,0.38844695230473025,0
0.29786427915630104,0.35329966225180964,1
0.6152346931764809,0.20564686032883933,1
2.467896046908296,1.0651628381013922,0
0.6556076478225445,1.7450126782920312,1
0.40716300029103997,-0.14650583285510463,1
1.2333602159992927,1.2666063493391613,1
0.31176423518692126,0.30650818299556654,1
0.12762808571409195,1.0042055252864384,1
0.29076075614635766,0.11632849120452415,1
0.28646746334912887,0.23388022545418038,1
0.40402581100003415,-0.191016012390137,1
0.493214264366447,-1.4942937816606394,1
0.3039117884450622,-0.6504451636624343,1
0.5432040062379874,0.0874111306804949,1
0.2901146846388468,-1.4029356628454819,1
0.40083454817057457,-0.4917254722614333,1
0.42026265860585027,-0.03005268518971498,1
0.20366832030670046,-0.8463775584009545,1
0.0799378106384556,0.15207848263810217,1
0.287183519880102,0.14561534481586427,1
0.21383971279835373,0.20743278840942558,1
0.4448446344984257,-1.0526378629453923,1
0.409143575754783,-0.5842038688757939,1
-0.033079323653165744,0.3487359281845739,1
0.23426485936455824,1.1673959825282096,1
0.9716687428516132,-0.8123538994343315,1
0.39907455075132153,0.7655095861089851,1
0.1514880045557389,-0.7902575398891294,1
0.0698087092924829,0.6761106580492027,1
0.3017130557517369,-0.4744888210982942,1
0.19325142595112604,0.2755861457949418,1
0.20980886479887526,-0.40398508865515564,1
0.5012224589015316,-0.04941607219195498,1
2.171829387289513,-0.1482296906948033,0
-0.1776599806920883,1.0394187049289934,1
0.3149923284029504,0.2583225639396266,1
0.11228617929374482,-0.6221318565714025,1
0.8121541208582201,-0.5534206701176169,1
0.20376243287251047,1.0284384411902727,1
0.35232720247074445,-0.9307420506680373,1
0.08716523511764925,0.3522743964688537,1
0.19744433686923143,-0.5697912325759618,1
-0.025487011750272907,0.21883798494512316,1
0.3083567512754802,-0.20937294135247894,1
0.21800991178179333,-0.6068997163404521,1
0.37602788559074873,-0.36630151652888937,1
0.3083328885057344,0.3421993067086134,1
0.5975490323920617,-1.1595570864510132,1
0.21179498808637034,0.18721377552898233,1
0.2151988603216601,-0.2792319713479995,1
0.2270246397797886,0.465367040766777,1
0.11442580729997773,0.4624454823159041,1
0.009899639234921745,0.15797331202677686,1
0.09990376087943365,0.2048492235113286,1
-0.04105549536978778,-0.3696610270295609,1
0.8170812708860486,-0.3492465982629083,1
6.513333241386504e-05,0.06548763735477663,1
-0.0009012869301100435,-0.29666399521825154,1
-0.008764957703477414,-0.09218867013190155,1
0.18967418968487032,0.3048729994062819,1
0.09784496691206053,0.34349786292952067,1
0.22309000554092454,-0.05295267327041457,1
0.18474810390708102,-0.44524939910833916,1
-0.018804370297985935,-0.8558476061822159,1
0.29501412711680974,-0.2295773472440501,1
-0.02427068494505164,-0.47067091347687867,1
0.2935956703762367,-0.7629115018490208,1
1.5132158324093437,-0.13913402204971861,0
0.08485814926284056,0.4681748883177605,1
0.0935753087589683,-0.14037041589500013,1
-0.038535583291079374,-0.668403714622957,1
3.621626706300004,-0.5383042551165699,0
0.20092532260662113,0.07023292842049918,1
0.3092677334272636,-0.4196610424172413,1
0.7369891022808648,0.8898210647723376,1
0.08339909264784341,0.47226472040765605,1
0.30486321338489364,-1.4338325738123527,1
0.10026222310208127,0.20650746449994795,1
0.11389972122259397,-0.08594143403315434,1
0.01622254353163505,-0.5257039487717217,1
0.9393013968420757,-0.290826933629418,1
-0.165754982448764,-0.5436370028680261,1
0.15756249990480445,-0.5872993538752893,1
0.10312626950345924,-0.1098241181142478,1
0.1050371094592106,0.7644316312945003,1
-0.013643547272311981,0.13448942476489054,1
-0.037375443647378735,-0.43582068144500075,1
0.6216303049213235,-1.9702870817071803,1
0.0003588382718999494,-0.4880533308384141,1
0.10152608288450879,-0.2686101181458315,1
0.10116762066186116,-0.2702683591344509,1
0.11070842162488301,0.37575828373074005,1
0.21259670227567476,-0.34427060991687164,1
0.7545611068517829,0.13870519302994772,1
0.12077725029262731,-0.33642548197857186,1
0.7655974324849305,-0.04430168765840052,1
-0.0102835595698256,-0.3264299442984771,1
-0.0027288818942989537,-0.2716021656174241,1
0.008008483999296292,0.9297451854218054,1
0.8192427207421095,-0.6496475268449237,1
0.6162879663495391,-0.005936811268146864,1
0.21487826543034733,-1.8655548011677805,1
-0.026317264635513607,0.8655160738869545,1
0.00220839114674727,0.07950073878803667,1
0.003227353899821,-0.02035113120578977,1
0.02354293139551228,0.46910947737894054,1
-3.108110507297373,-0.7139595936342229,2
-0.6456538766245938,-0.1324815700313582,1
-0.015255672727666534,-0.7699407562975785,1
-0.010763756497461334,-0.5308347803641073,1
0.001698592252003655,0.36088793971207334,1
-0.010437618666588799,-0.15865685583662228,1
0.09988644621500574,-0.8413857447370449,1
-0.1490450565491549,-1.2056181269803317,1
0.7241131683972707,0.37258370864758317,1
-0.014993461033884836,-0.09897150070115826,1
-0.04747927199938341,0.0590756883109468,1
0.07060759628480309,-0.7574820712758821,1
0.11913570876403697,0.23498703871858528,1
-0.10832004009248028,-0.16961087939720557,1
0.05463694089950079,-0.5711480515326295,1
-0.19638958236478724,0.8431849358812433,1
0.09088368504278324,-0.10698673160589454,1
-0.002773881792562776,0.2514702718733737,1
0.004973799673458235,-1.0174609228074054,1
-0.11741632485370912,-0.1054007731619489,1
-0.09673451441747505,0.4966347763484286,1
0.3126405154522136,-0.6467814924617842,1
-0.09371193969279085,0.7965638875191983,1
-0.11287409888964897,-0.20357327310091344,1
-0.24429141747322608,0.1258702147048757,1
-0.21589629409636896,-0.44235760638584665,1
-0.11109473102336086,0.18218212901902617,1
0.09072515671947697,-0.7232474253908597,1
-0.10836503999074414,0.3534615580935922,1
0.09177316173460318,-0.4365510669528236,1
-0.20147793104630035,-0.23946990939272614,1
-0.09643443539235863,-0.41706055688631255,1
-0.1227722978252792,-1.3972064836146363,1
-0.15472933705697828,0.1869091528325194,1
-0.000982871682712294,-0.2212087210832597,1
-0.23694960852885263,-0.6707228936109297,1
-0.22352915898701228,0.3945233945987736,1
0.9210715444823534,-0.2868513071767798,1
-0.19292327178661262,0.3605480106133972,1
-0.13017487237855122,-0.5040214704519019,1
-0.19724321778231985,-0.6348455285902758,1
-0.10786536410921818,-0.07485447538119658,1
-0.1987163186572732,0.5464747631001466,1
-0.9220723370171271,5.844206147759972,1
-0.29781696181636236,-0.463109566708791,1
-0.8339048690654126,-0.39653419484131225,1
-0.2900212450451915,0.23716897176127077,1
-0.06672005507169096,1.0681824416812202,1
0.0005211011756237082,-0.1555208840790656,1
-0.3085280989728053,0.03617027996769125,1
-0.09525164191940576,-0.22858637485286268,1
0.5968323447001148,-0.13595504386860938,1
-1.0447791885572089,0.5224425991246141,1
0.6117995384834256,-0.10345919790767391,1
-0.37927866083747125,1.1213948211982505,1
-0.10830541108446809,-0.0010574422348241235,1
-0.10812014296139032,-0.021804154558360857,1
-0.09759158827160938,0.37734424217468565,1
-0.2136930410610793,0.194122100279562,1
-0.32355202272680433,-0.2530003741811835,1
-0.2152841172715884,0.05219864043984936,1
-0.31599668590093516,-0.07248816823672417,1
-0.3382979392478863,0.027052638896502345,1
-0.20070688885528168,-0.2286347213383632,1
-0.2181110677560087,-1.5214872174143628,1
-0.3284440722812948,0.04601194732174436,1
-0.09287152702608105,-0.4655945465070717,1
-0.5332443340581685,0.28735319839832624,1
-0.25106941720006815,0.5956123807927644,1
-0.4124695646589778,-0.2045002666596749,1
-0.5261205929494503,0.4328405504176227,1
-0.3133104747810254,0.355946537891873,1
-0.31011917518331444,-0.10575317987202139,1
-0.3281224036769654,-0.36584391039759073,1
-0.14669678184311843,-0.6543155128287709,1
-0.30076811156991345,-0.2230136069301138,1
3.5017879957108473,0.35165499249698307,0
-0.21097020831857966,0.3077647921287744,1
-0.2086145543611548,0.11525073022161467,1
-0.4331514118634633,-0.04412663853486169,1
3.210730367465337,0.8710598375279627,0
0.633442865130384,0.37450167459753214,1
-0.3115517230705172,0.36858405407323136,1
-0.41240014482181336,0.1314991678052433,1
-0.10680143822613207,0.06463039476936995,1
-0.10680143822613207,0.06463039476936995,1
-0.016862321315920033,0.16543451936485,1
-0.11615250183953306,0.18189082182746238,1
-0.19530800724914124,-0.5105109637713628,1
1.1493431390924362,0.2430390507780434,1
-0.09643443539235863,-0.41706055688631255,1
-0.46017636942060774,-1.2747320902130754,1
0.30313544385747065,-0.33334570995910834,1
-0.3210201008047994,-0.39816267010155126,1
-0.2013817172856859,-0.1463717463653365,1
0.0546868649608053,-1.8326731776404597,1
-0.22127519318250302,-0.29146030156542585,1
-0.11151877253180086,-0.4319307380525674,1
-0.3955762894284646,0.2227171802308473,1
-3.519887659851653,-0.138368905352985,2
-0.19494954502649361,-0.5088527227827434,1
-0.6021546534415254,0.13394156686863196,1
1.9206773947398197,1.3470849486676753,0
-0.2059504050908668,-0.3488875772314258,1
-0.31786554618297036,0.1919178518292841,1
-0.3162237572032418,-0.9886220911606115,1
-0.10680143822613207,0.06463039476936995,1
-0.30235918778042253,-0.36493706676982646,1
-0.2990872467998414,0.34376011399581025,1
-0.513877971720523,-0.3324060137259213,1
-0.1952361640659541,0.33250838384586195,1
-0.20644901672235352,-0.46651987041654935,1
-0.20450050577098455,-0.5393990205634958,1
-0.2297877489882815,-0.2921701612452329,1
-0.3212601846565266,-0.06176208651720792,1
-0.3085280989728053,0.03617027996769125,1
-0.3036018168592989,0.1487629892068451,1
-0.5390056372414859,-0.10125934589900278,1
-0.4240736432681376,-0.1333797127258548,1
-0.7403772742021132,1.230678710585714,1
-0.5106646102731902,0.09846728209182194,1
-0.615832301514424,0.14818859618973154,1
-0.510409831421018,0.04541696126898625,1
-0.5152407676882321,-0.06565894755833279,1
-0.6044288840117129,0.13763706915587143,1
-0.5953605847590006,1.9803069435808938,1
-0.5330668109854588,-0.14689807962403156,1
-0.2977033966230685,-0.08618561306821858,1
-0.4112057416448018,0.08279132832973636,1
-0.5121906817493994,-0.09738439085881903,1
-0.21752130175785986,-0.8465797958146785,1
-0.37239284307074,0.5945506159159717,1
-0.510409831421018,0.04541696126898625,1
-0.10680143822613207,0.06463039476936995,1
-0.6450559917648936,-0.9064605129243422,1
-0.5208478117896894,1.1672831218773168,1
-0.7305920954647029,-0.33028042244327527,1
0.7602967240435229,2.245957170821293,1
-0.5125348160720689,-0.07979549583801934,1
-0.6046711688161018,0.7620588839186397,1
-0.43865539202640863,-0.6649824001771911,1
-0.3987083783319536,0.02690362099854735,1
0.9358758442009667,0.3484492539688949,1
-0.5965964222646601,-0.21386463206879655,1
-0.3702369097499177,0.4560109633972996,1
-0.8358442477171003,-1.155596240754083,1
-0.5280919172975372,0.4249490633493518,1
-0.6370778839006709,-0.1414935287304073,1
-0.2801587754778402,0.4713397569071266,1
-0.45114638543473246,0.22449043314350087,1
-0.614806009858704,0.47239918826080185,1
-0.5106958192995048,-0.04855909404649605,1
-0.6336866871718699,-0.455386521655457,1
-0.41164339955647766,-0.5698086835453577,1
-0.45790283833817,-0.38607125449677454,1
-0.4251318984232055,-0.5100228009222383,1
-0.588171633190145,-0.27391801842033986,1
-0.2336280190290912,-0.738540789014989,1
-0.6095313238398556,0.06265361243212535,1
-0.7324609046313169,-0.03747213539453826,1
-0.7381395955802442,-0.2850791028515806,1
-0.6242998574219385,-0.37559370098087336,1
-0.726301140615627,0.30696715531126373,1
-0.7329273985706761,-0.17796887443682227,1
-0.5419017151989767,-0.26570925804309997,1
-1.0217618786792846,0.33463691135307133,1
-0.5218991433354088,-0.5277305314492583,1
-0.5243975368417966,0.8649154210174012,1
-0.3593173589976397,0.8233952588957292,1
-0.3401539540920367,0.553659844964064,1
0.23756144939195142,1.3932232397037554,1
-0.9207134306496502,-0.08697297719508673,1
-0.6241311693171632,-0.37481335228034657,1
-0.6367194216780233,-0.1398352877417879,1
-0.608108935734122,0.2037967235713113,1
-0.32457458348394536,1.0807119377506953,1
-0.5116635314219764,-0.09494580116967292,1
0.19380001451510126,0.45583084720734485,1
-1.3782232612597454,0.946309860745546,1
-0.11572903488258557,0.12962084970515342,1
-0.7137275683782003,-0.12496661337240514,1
-0.6345931122134376,-0.19507154899633652,1
-0.8314529109889008,0.2094769811217035,1
0.19064545989327225,-0.13424967472349048,1
-0.5328030413741738,-1.0563164092998232,1
-0.7498946368567155,0.6207617439218132,1
-0.6340317293269988,0.21897207143489125,1
-0.5157164442739035,0.5423722656055857,1
-0.7550920815049794,-0.05478327274590854,1
-0.5169005832134586,0.13007405273849984,1
-0.5108750005468423,-0.27552849613485186,1
-0.727892216826136,0.16504369547155107,1
-0.9386112826278455,-0.3820274405588831,1
-0.8243627432888561,0.0690437296623246,1
0.1979348655740645,-0.25256062860743095,1
-0.6335006476344153,-0.17078038234174742,1
-0.6472157484759743,-0.6957318789920087,1
-0.8291674931554565,-0.1932380152746961,1
-0.7139192473551598,1.0183436416278728,1
-0.6991053768318811,-0.1664632350062247,1
1.9624049671175998,0.580235659939053,0
-0.5064750008464368,-0.07379301396928933,1
-1.205584684643705,1.1707132591526033,1
-1.8694866607840588,0.8332833092837131,2
-0.8469994679862707,-0.977164307893873,1
-0.7129390375030663,-0.3055493083375841,1
-0.8489439060319106,-1.2720493884194726,1
-0.709919271339064,0.38275338999783765,1
-0.8150039089575599,0.06270000254126003,1
-0.848000778198631,-0.44418034613390134,1
-0.7016580377636908,1.0904810603884194,1
-0.9481622433723366,-0.41257373833963534,1
-0.9316764477226774,-0.1458366182121243,1
-0.7336660441732814,0.2530172689183034,1
2.5643325371477177,0.11202808389307001,0
1.1401491069930783,0.428702776995316,1
0.6977278621108038,0.06728912695900024,1
-0.6547979005973981,-1.1813142808369965,1
-0.8428838397057603,0.5516830626268194,1
-0.6983391920257587,0.13191765637488787,1
-0.7380658475379698,-0.5862479025227264,1
0.9269972786160362,1.2107176004957223,1
-0.8185301957012476,-0.2035580221173656,1
-1.665599304205332,1.1850032683516805,2
-0.9249463100614358,-0.24372171592805042,1
-0.7818998528375734,1.4478154739661186,1
-1.033456463552789,-0.6869080934215059,1
-0.7171075778437443,-0.2100931145565156,1
-0.7352210713265024,-0.3039616802443546,1
-0.8120669551229556,0.04343944088437664,1
-0.8010021545743217,0.3754944088820431,1
-0.6416606628524815,0.6636620289537267,1
-1.0870224405655515,0.22917968293547736,1
-0.8060694540109893,0.055346284830830275,1
-1.2421269499637433,-0.09519102171698751,1
-0.9349391062990889,-0.10936514579855061,1
-0.826421340920512,-0.42983732019495047,1
-1.2367486309231615,0.717651102389408,1
-0.9211428336389442,-0.2108651868662488,1
-1.5004909184357043,-5.627437530315459,1
-0.8184525929802013,0.613842373065998,1
-0.9253993328178549,0.3202006460913619,1
-1.1453990647436196,0.21395415709318866,1
-0.9185869491893364,0.5860968745377039,1
-1.2376819871333253,0.3458812005929679,1
-1.1380229371544572,-0.8935246282582021,1
-1.838569631075479,0.025946807102875124,2
0.6294589337624412,0.3235267287916575,1
-0.8127563683541023,-0.29153159556411784,1
-0.8409121783147416,-0.5404072028612081,1
-1.0501440476121344,-0.36273375158791743,1
-0.730330714916992,-0.5133017070976004,1
0.43004996365743253,0.8735266581515079,1
-0.609054301787582,-0.32155356989815714,1
-0.7169463424218083,-0.09402151877244566,1
-1.031627959922787,-0.8818607450178119,1
-0.5129382414247289,-0.3207904769710316,1
-0.8896798586513239,-0.0913071727158763,1
-1.0280032274475768,0.0656528947822612,1
-0.9182868701642197,-0.32759845869703713,1
-0.9746972137899937,-0.8919546373017513,1
-0.919616762162735,-0.015013513915607828,1
-1.0363103869409493,-0.223647678256558,1
0.17158868293842447,3.3571463878980055,1
-1.0206383238899224,0.1196027811752216,1
-0.8366414415644403,0.1883241939213199,1
-1.0665387923802832,-2.0752949345173923,1
-1.0093286114349234,0.16278659513733215,1
0.2147149288136069,-0.19990856038801286,1
-1.068803498011814,0.1899085356580623,1
-1.0361069820726714,0.6065288034529543,1
-0.9667110473391064,1.0392498383715825,1
-0.6195707364343642,-0.7010053236181891,1
-1.1546987543731266,-0.5520122183810673,1
-1.1374840199863583,-0.8737479705255097,1
-1.1215195806240446,-0.005864376201878731,1
-1.1295519395021871,0.19783060018394452,1
-1.2444481339337181,0.11047072694673603,1
-1.1854193884270656,-0.7130796112464255,1
-1.1054714428860615,-0.3917272679494617,1
-0.9376675236335922,-0.4894955602173996,1
-0.5268867777555728,0.13445965903651017,1
0.8077513076329144,0.5589228170006694,1
-1.1342295165744714,0.05476936024239772,1
-1.249420247091559,-0.3330400850523656,1
-1.0416328888577617,0.5838153188515174,1
-0.9402023588383547,-0.5239509003985957,1
-0.8809174287819669,0.11982182003005504,1
-1.0513286749372823,0.0009164243091459629,1
-1.3466816567247355,-0.28446948851013726,1
-0.4279529178421718,-0.0009245071434495822,1
-0.9386690768485729,-0.09275392208690991,1
-0.9163017743585126,0.04713955451182233,1
-1.2522951879205315,-0.4689901866261682,1
-1.1181971232099608,0.01789909100961691,1
-0.3593173589976397,0.8233952588957292,1
-1.1573492361247575,-0.020984499141797605,1
-1.3564923048719573,-0.22166679628624655,1
-1.4905092690344124,-1.2018024503239275,1
-1.1381718167589134,0.2123689366966079,1
-0.9275379238793225,-2.0001462026998698,1
-1.3815361478691635,-0.8975610442457218,1
-1.3412153788459213,0.09276299641971601,1
-0.9108855413196926,0.049089102692005525,1
-1.2554575598305993,-0.7071847818577509,1
-1.1252857230938502,0.11412594773692365,1
-0.936268998297604,0.20321979898287876,1
-1.561294411136472,-0.21468661435213174,2
-1.1262294820881036,0.22159406739544013,1
-1.0678553010795309,-0.32428397802180475,1
-1.2518811914786658,-0.8280529980846458,1
-0.7608549637581349,-0.015192640963728299,1
-1.2601088817614103,-0.20190245331253862,1
-1.3355934178676823,0.08369515568881923,1
-1.1064152018803148,-0.2842591482909452,1
-1.367027995810506,0.2592438066689092,1
-1.4338634341367462,-1.020892412135032,2
-1.4404248301029916,0.5456092867593975,2
-1.370137710655615,0.6454882502978119,1
-1.2635966256119189,-0.8227770218871464,1
-1.3514846343415658,0.4530003280933826,1
-1.2492790334326807,-0.7630143595157737,1
-1.238074805268281,0.6696061542776118,1
0.7050699303805004,0.8892721123883315,1
1.9587352347441254,0.15579445762977784,0
-1.5187485388811817,0.14279064505704267,1
-1.6370127807890338,0.586510922340459,2
-1.5492676295457235,-0.1297013886694562,2
-1.4396484855154001,0.2285098330560713,2
-1.5654359341725392,0.009208513269043725,2
-1.344096739911727,-0.6371403892144617,1
-1.166464734993583,-1.2363762908707745,1
-0.8226778056130551,0.26805321991570263,1
-1.414859068617069,0.4307460839725513,2
-1.3268802076076616,-0.26171244558015655,1
-1.3678011250726454,-1.539105049895609,1
-1.6584818763916571,-1.1048145067565165,2
-1.561542331698527,-0.10399955630394236,2
-1.6316690588626264,1.4431874624826957,2
-1.46139209055633,1.0258225076461427,2
-1.56488214054529,-0.4115888141286208,2
-1.481443898440736,-0.37305643061437926,2
-1.5026437731359406,0.4051677726407745,2
-1.328386015151546,-0.2621548007279073,1
-1.2237780535699083,-0.0672409692216235,1
-1.4650543165516916,-0.19941747351425784,2
-1.2165177420485422,0.10189117735536025,1
0.4239768847818616,0.3023287136134465,1
-1.5317267062126614,-0.05085694930368482,2
-0.004007560030463483,0.6571533796821927,1
-1.2620716035087374,0.005417536339804174,1
-1.4610158026066349,-0.2639188869410785,2
-1.4673479893075179,-0.32541027932179023,2
-1.4773188956912775,-0.02678680859799195,2
1.0339466806359294,-0.13375300560563996,1
-1.5645631621125686,-0.2463539279794519,2
-1.3638054871864804,-0.055429534956667234,1
-1.5585472314197397,-0.23482506829710764,2
-1.552473521383195,-0.598964285703134,2
-1.6564772150470188,-1.3373764108682302,2
-1.7478856248203158,0.08793693817627225,2
-1.7073930086072981,0.07677854666832631,2
-1.5411766911343323,-0.055572480107386,2
-1.6439441223658917,-0.4338016928315523,2
-2.283226273383151,0.8024183504688278,2
-1.6496329232156794,0.14628953775174994,2
-1.7538292045222756,0.7210784895824102,2
-1.7560040376776038,-0.4169465935497328,2
1.8621211423272044,0.45375663367023517,0
-1.7804085305121666,-0.3168362726725396,2
-1.8760679556090956,0.5876840196800199,2
-1.6913521639846887,-0.06891360963598986,2
-1.5363825484854365,-0.3580106699880215,2
-1.6559265719876015,0.6558869835742529,2
0.5242755349159861,-0.04016851223082149,1
-1.7714288113275494,0.06445305091438602,2
0.4285249415542512,0.04533209992455708,1
0.5332935095578322,2.0533852794502394,1
-1.0316243482466358,0.10046612620721555,1
-1.9374151720440067,0.015651633250590064,2
-1.7497719226710449,0.5721631082445512,2
-1.7599889685379655,0.3766391988766083,2
-1.7746072287191241,0.02594477704464311,2
-1.1435382922724306,-2.093895357686536,1
-1.856442627772493,0.14667392141366037,2
-1.878000142609573,0.7279281094648706,2
-1.5406588232110792,-0.7983025435974502,2
-1.762305015352172,-0.3314116097921265,2
-1.7496701970308408,0.44692228300926734,2
-1.762305015352172,-0.3314116097921265,2
-1.4682707015317256,-0.894869423935765,2
-1.2300156429687683,-1.4567221422455578,1
-1.9625726663705216,-0.5335206277340041,2
-1.6720284854641578,-0.9914559654307837,2
-1.981465408324244,0.2983621547225464,2
-1.7668151236241048,-0.25610355571032256,2
-1.86484144436529,-0.7147648358934897,2
-1.5749319092569847,0.07776228418097049,2
-2.00923171774927,0.4858108204744234,2
-1.9943160687146027,0.4999006529401515,2
-1.826526620407504,0.9276421725351655,2
-1.8580454340554264,-0.7749967841047892,2
-1.7540178776218571,-0.5881569070007856,2
-1.8567267660884197,0.07384694285813233,2
-1.8644555076967455,-0.28235197174093535,2
-1.6747898978680882,0.011927064271176808,2
-1.9670827746424544,-0.4582125736522001,2
-0.6368643192509238,0.07320260789466655,1
-1.9995545312295746,-0.5454275955551278,2
-1.5819178751434262,0.8610405879960421,2
-2.198363091350479,0.48179051258687217,2
-0.5206561328127298,0.023972866877038864,1
-1.731468285500797,-0.4953904955144235,2
1.1483586052340953,0.11696626223848433,1
-1.9563441630401144,-0.5267377971647474,2
-2.0781402474877018,0.02895540527335586,2
0.5043459452042607,-0.0688139896802688,1
-2.174654491371689,-1.5762538752320405,2
-1.9957895111152215,-0.13253357035749816,2
-2.153124578015637,0.09037668999672561,2
-2.0908814435798644,-0.08583950140341445,2
-1.555352526845525,0.6334573228457303,2
-2.2382443160512366,0.42040774750064785,2
-2.19561081124623,0.3103486789446286,2
-2.1948823567136073,-0.6959152955942288,2
-2.0529687485995978,-0.4549646745121192,2
-2.164802377921524,-0.08907305572627897,2
1.233388754695229,1.151412645843184,1
-2.3056166492682504,0.013648778854174443,2
-2.1626184623471234,0.004792978390241213,2
-2.276014675017172,-0.17332570299048772,2
-1.9677341205571695,-0.588520496737023,2
-2.262181014345987,-0.03423962965912839,2
-1.5522187792992745,0.11039457110922102,2
-2.0515335150559793,-0.05162037737137991,2
-2.174596108174158,-0.6609003010086799,2
-0.818743171374191,0.7863729339528942,1
-0.5231638586038958,0.45923231320858204,1
-1.527365459413236,-1.0731625471097528,2
-2.174964730178275,-0.047078196912860616,2
-2.0384651168829047,-0.11059587282703696,2
-2.0650128816230255,-0.8237756908079776,2
-2.3863873003577605,0.07855101915843411,2
-2.276694805844149,0.236871913740228,2
-2.0695642547637787,0.019943446574306696,2
-2.365800676200353,0.8039492566167005,2
-2.184827199745626,-0.28124898205871646,2
-2.5970935207215855,-0.20631893087044656,2
-2.35996680379921,0.35089878647545625,2
-2.270743547084254,-0.0975618975662148,2
-2.1812657078528432,0.03845678684474564,2
-2.3986058153490433,-0.8178390800760102,2
-2.28876870220005,0.240489648949108,2
-1.4186119474369356,1.115931870580685,2
-0.672373864064811,1.2266142125076245,1
-2.5821958973990626,-0.6901571650237114,2
-2.661424704649523,0.2826257149238813,2
-2.470696827112407,0.05516894097584626,2
-2.0867528518916365,-2.02273263579115,2
-2.5862882709993325,1.1692172220442987,2
-0.23350138573578894,0.12822583776190563,1
2.0037503696219336,1.2335496125648475,0
-2.2921331591290794,-0.08262476423434437,2
-2.5981148357699815,-0.14247919349034438,2
-2.5046412934133007,-2.0636142322317066,2
-1.0378207338849157,0.07081884978079835,1
-2.595466678374546,0.13265777670194226,2
-2.7990338327030466,-0.4748961345170449,2
-2.3768234574071334,-0.391110674694451,2
-2.4864202273790768,-0.16726389355877586,2
-1.252855205448897,-1.279675832564346,1
-2.371656012844691,-0.37005543108163325,2
-2.5969247958485586,-0.9679477598051106,2
-0.40817733611178825,0.22389632575058116,1
-2.5803915039899445,0.2755898537338136,2
-2.477968407066152,-1.1179197407160537,2
-2.5863825799008593,-0.06806908827146149,2
-2.4824510408921876,-0.6118570634703145,2
-2.4790435569807463,-0.0959759391222692,2
-2.4836122447859275,-0.2984917699883585,2
-2.605284407923034,-0.6188846482695887,2
-2.58697661998044,0.28829785893589155,2
-2.5832592343053444,0.3749850575210557,2
-2.459710596056046,-0.27334964173785287,2
0.21211665669069987,-0.2246420821903528,1
-2.5722014479345665,-0.1658349691177898,2
-2.592139701067524,0.43979040030768757,2
-2.083539129093842,0.31083164770635546,2
-2.798734090720862,-0.28860971519548767,2
0.6332248798965299,0.8410660941283223,1
0.9696712490442562,-0.2690928187426497,1
-2.6944576877055013,-0.10781155600063806,2
-2.0738699087944052,0.2930850970893135,2
-2.6741557777284677,0.314759640797863,2
-2.3746473785430604,-0.5229581661140849,2
-2.290071119752668,0.9838292168944724,2
-2.168523447510641,-0.3926966331383966,2
-1.860289674454697,0.12238093247889159,2
-0.11632118994430841,0.18111047312693565,1
-2.9036831367660616,0.6638151793330277,2
-2.0893615168999813,-0.032046945598392974,2
-2.9690213570389306,1.3948292515244514,2
-2.5622875046254636,0.6788056188811308,2
-2.173205052448031,0.07020465940753291,2
-0.034383348264990635,0.4592570830019533,1
-2.9040690734346057,0.2314023151804734,2
-2.8922034904975424,-0.5620932325561117,2
-2.281177636005902,1.3804642802614342,2
0.8270834006432927,0.28996775176953093,1
-2.464681923901366,-0.14976305031708798,2
-1.8428953068691634,-0.2469574126295962,2
-2.8998343601706256,-0.16397330401707627,2
-2.7785692708305816,-0.304493100458695,2
-2.906215158445924,-0.6847191301320175,2
-1.2862480160855971,-1.2751293189705346,1
-3.3273286944901717,0.20508768935242286,2
-0.8199892054295712,-0.02990911897716668,1
-3.0096768116510897,0.3549206624247554,2
-3.088399099155218,0.4187799926214817,2
-3.0316176979163063,-0.6880684367417693,2
-2.75753552318085,-1.081588584448503,2
-3.418991946105247,-0.5726544238008426,2
-3.094255797381342,0.18763320091989302,2
-3.1760179000097772,0.02073275674672324,2
-3.0066572604591073,0.39027111899176126,2
-2.994355047092155,0.032914732154991765,2
-3.0155524373508533,0.08330835027448157,2
-3.2115166045019916,0.3389254292666796,2
-3.186878283085357,0.6489205628174505,2
-3.1744781977831624,1.045883019118784,2
0.3192127137669528,-0.15630019126734201,1
-2.366524445343808,0.7943614148414692,2
-2.375232381196624,-0.24918721485473821,2
-1.363478270758399,0.561611507528825,1
-3.1180915366943496,-0.5622649554611768,2
-3.1133366234578417,0.9149076794885816,2
-2.688320389408152,-0.15763922799337157,2
-2.1618100862034186,0.16847501944520812,2
-3.181483730452356,0.8237005517189648,2
-2.594283547858661,-0.7788497938209064,2
-3.6487288305049974,1.6352956565446806,2
-3.21459055321057,0.9222231206282582,2
-3.4074703465673326,0.3923825630137272,2
-0.8208878448762323,0.4277171122353788,1
-3.6271037889430735,-1.2030089861967894,2
-3.4061679290147144,-0.3509570049316372,2
-3.402709071119379,-0.7183026831159399,2
0.06779307873992578,0.3684485447078353,1
-3.006213140578128,-0.05129014482715714,2
-3.5070593604073173,0.052661624159303665,2
-3.5127490386344045,1.993401853006255,2
0.42916790919329223,0.3839204462207931,1
-2.781490047202648,-0.24483632603243843,2
-2.6962517213480535,0.1002887823522316,2
-2.7792702141490557,0.37011631960890684,2
-2.3655612535633006,0.02831207273509707,2
-4.054691346609404,2.526799067854575,2
-3.30525788736833,-0.7659953873700756,2
-3.833746710254199,-0.057656106545981224,2
-0.5035920014307994,1.2283945790839121,1
-3.8216211888138862,0.8732293248903525,2
-2.1568276169283918,-0.6410242029155961,2
-3.615891182503,0.021331104385183246,2
-3.128688045386327,-0.05665948863781174,2
-3.6170502852019353,-1.4470214386966984,2
-3.725067831889819,-0.37609855798719,2
-1.8697844666186425,0.6935669189419558,2
-3.848279409384771,-0.6663209070981096,2
-3.735674463595014,-0.017421923714576886,2
-2.4792322668485793,-0.6428021580702741,2
-1.6448359183994472,-0.004933283010050396,2
-3.5168781269005702,0.5368887090916983,2
-4.004985820967976,0.49341530512063403,2
-4.246641162328186,-0.013537326099201122,2
-3.9310619547535737,0.9490185542099289,2
-2.067377288911129,-0.17335096403337974,2
-3.933413545042187,0.2715559849432868,2
-3.9309461386857767,-0.327592377718445,2
1.6771073386338446,0.07198637137981487,0
-2.245459198751677,-2.1637825711407452,2
-3.046518567852795,0.7204599314111693,2
-4.257859970858162,-0.14941693865228395,2
-2.6740707512311097,0.8068772979344129,2
-4.343535155747854,-0.057267319786118744,2
-2.265909920645432,-0.5635767326073999,2
1.7583206571959418,1.1830506794901188,0
-4.257011536373039,0.5170712964360358,2
-4.015120173624984,-0.5721927793013529,2
-1.6677588492023059,0.34121604964532515,2
-4.7105673168850375,1.333190980098396,2
-0.31149209416424123,0.014065053744815014,1
-0.1213154260600114,0.9732716274441935,1
-4.650183154989861,-0.10248678380600494,2
-3.8205452535867708,0.4183829267164343,2
-1.2662329164088215,0.41312068134952623,1
-4.649248282078963,0.19667445627563443,2
-0.524184561168853,-0.1250155350528587,1
-2.893482008512163,-1.1327350903070308,2
-2.7829281796818544,-0.036986814656822166,2
-4.678293965052236,-0.8744348285938927,2
-2.686816416549816,-0.09195139098917748,2
-1.8215678723616537,0.6941420110286923,2
-2.4743920387142184,-1.2387879569429487,2
-2.5813563122290435,-0.3794487478304264,2
-5.388831657293615,0.8765568726754317,2
-3.004563147791439,-0.7315245525958496,2
-4.868942245615291,0.23005634704078584,2
-4.668819213232323,-0.4678424694606606,2
-3.4300495604802967,0.6964717158253423,2
0.3223527116186404,-0.5001635988969618,1
-5.290377513253475,-0.7243867587760421,2
-4.773970690722368,-0.216872467064833,2
-0.895831431558327,-0.15349937813565834,1
-3.0106645286095977,-0.16061026907829107,2
-4.03679950857774,-0.8965703470946471,2
-4.978533343061317,0.20522870725584896,2
-3.2163686274573884,1.6531278453969551,2
-2.704837873853446,0.7247810861357193,2
1.1581521391510121,1.3263231967963522,1
-2.080393225715209,-0.7795936454861073,2
-6.120325644063766,1.0721887395633254,2
-6.358653642594396,-0.2152560459106967,2
-4.849215924245735,0.1598127705309429,2
-2.2061118547218626,-0.4204542722596738,2
-6.09698007334895,1.7947865911201624,2
-3.1938892901468523,0.026366624187980768,2
-0.5062255834751187,0.36337732260830646,1
-3.7334616397550593,-1.2010496548289407,2
-5.220380236624359,0.3448914037934545,2
-3.639135535693862,0.3540244584403327,2
-5.0784299063696325,0.33071382677803124,2
-5.727505345943197,0.10815460720231486,2
-2.994092798630122,-0.05852518988377856,2
-0.4059345571024024,-1.4431648673839812,1
-5.779747433717692,1.205247009436894,2
-2.9779246659990344,-0.9257412048096176,2
-3.150767354881689,0.9948432081734933,2
-4.032756474290719,-0.1486357112919189,2
-3.2457192895964826,0.20111626784534853,2
-4.322898308441632,0.30543148957986604,2
-4.86861125783854,-0.19904003513452945,2
-3.1989733520393955,0.627019802218919,2
-5.77643244591347,1.2674000778643237,2
-5.870297453754573,0.40103565267143515,2
-3.0940994705099647,0.3440034658857705,2
-1.6605025886954288,0.029308690643266758,2
-5.071725454699968,1.951468162556122,2
-5.086773774070636,0.33078431579875106,2
-5.260704508500597,0.9152394117544722,2
-1.2686455471129872,-0.46728851118367526,1
-1.697804797565046,0.8530218040345701,2
-5.2627500275904,-0.7213793190119077,2
-3.4175962012993395,-0.008275395574845948,2
-3.8303867225517125,-0.518575475609349,2
0.479905416074532,-0.8761419532986577,1
-2.559635406415241,1.568865843312473,2
-3.89647733923174,0.6808509629918023,2
-7.790443399112168,-0.2717722593390708,2
-4.011813948969967,0.5765116991890941,2
-5.529896711589502,1.5429633380398848,2
-3.789078224590726,1.0616392283514515,2
-3.8135851918552706,0.5995775905006039,2
-7.506107452114884,0.0022754784711832977,2
-7.954365916269392,-1.2230058328071403,2
-7.7396395455489415,-0.8874624863418449,2
-4.328429123777281,0.3230166741602365,2
-6.088125958677216,0.7663422760331635,2
-7.655579555814942,-2.17448129378168,2
-3.176689045025427,-0.42797954945080907,2
