DecisionTree,RandomForest,GradientBoosting,RandomForest_Optimized,GradientBoosting_Optimized
0.004713362823890922,0.005422365128024307,0.0028124928077248295,0.0046876977727366405,0.003964257572561385
0.014739983024683786,0.016024950369950188,0.026371426807174688,0.017137112238448274,0.02688835291052224
0.5665047816580624,0.4846082336334484,0.3911369146858453,0.48962346365376674,0.38567046143512457
0.04088512727435989,0.10982252373335288,0.10064948819431142,0.11101831609674283,0.10012815200482972
0.017652351246490644,0.022619054525914783,0.03561990818125628,0.022252941363488758,0.031375768229084625
0.004294735224470887,0.011552260129947377,0.01075895063070353,0.010770832835201484,0.01206898261671614
0.0753882224838468,0.1432461965683715,0.160695198649724,0.14421483397194032,0.16929851674813823
0.13871414286688177,0.10068392725106452,0.17231149006685506,0.10099873426652269,0.17393208135108007
0.001958705266722364,0.003975195776022681,0.0013618792545076481,0.0034378521484188813,0.0005073059343070631
0.0065632876235209555,0.004262974840668342,0.004670449831084982,0.004021490231393727,0.004168431890583223
0.003775377332808982,0.006774374041276445,0.004367125693389694,0.006270642202844094,0.0044525350655618655
0.010845820492969893,0.004752657591476089,0.0013961886403651676,0.0043617394184220235,0.0009242919285606667
0.0041285698107563,0.0034915243361073422,0.006123445183253793,0.003405758941920365,0.005598146789804209
0.0033660428241807437,0.0025847100146973406,0.009214044297652817,0.0026275358097073223,0.009633596306894027
0.0,4.279247366424293e-06,0.0,1.7470298228645993e-06,0.0
0.0,0.0,0.0,0.0,0.0
0.0,2.7710630258420817e-06,0.0,1.6275983708651274e-06,0.0
6.56298656754385e-07,6.948603460043672e-06,0.0,3.549831306603435e-06,0.0
0.0005253087696704301,0.0002197234141859473,0.0,0.00019960903055237964,0.0
0.0,0.0,0.0,0.0,0.0
9.926517183705414e-06,1.852011205690322e-05,0.0,1.926346372549246e-05,0.0
0.0,8.489009322286025e-08,0.0,0.0,0.0
0.0,7.839908588937364e-09,0.0,3.087357613872643e-07,0.0
0.0,9.444537193696715e-06,0.0,3.883173159573211e-06,3.6623995263918804e-05
0.0,0.0,0.0,7.0670833979041e-08,0.0
0.0,1.1805357976545444e-06,0.0,1.1426059648467891e-06,0.0
0.0,3.237233775184591e-07,0.0,8.295602101517212e-08,0.0
0.0,0.0010899404978746857,0.00014903275761402192,0.0010478012797044919,0.0009415887337439287
0.0,0.00019525022276787614,0.0,0.00011772012071260131,0.0
0.0,2.6375944604347696e-07,0.0,0.0,0.0
0.0,1.6722205080384126e-05,0.0,2.758592990387119e-07,0.0
0.0,4.927395797425916e-06,0.0,9.135646598049806e-07,0.0
0.0,0.0,0.0,0.0,0.0
0.0,1.9129251309443102e-07,0.0,5.558376613301023e-07,0.0
0.0,3.22336686008423e-07,0.0,0.0,0.0
0.0,1.8418626253771918e-06,0.0,1.4296359860082316e-06,0.0
0.0,1.2304759738709589e-05,0.0,2.4656048699107026e-05,0.0
0.0,9.497637352939455e-08,0.0,2.410865873627653e-08,0.0
0.0,2.5795079076423957e-05,0.0,1.8313683763290612e-05,0.0
0.0,4.703915276943743e-08,0.0,7.780000873932353e-08,0.0
0.0,6.753211660916415e-07,0.0,2.5032516393421486e-06,0.0
0.0,2.147692380515065e-06,0.0,4.4759238855344204e-07,0.0
5.537519922310808e-07,5.098380282810374e-06,0.0,3.0475863987600984e-06,0.0
0.0014551650889850231,0.00021711248317536605,0.0,0.0003235961804923182,0.0
3.84549994214445e-05,4.369603067944115e-05,0.0,0.00014882005003190765,0.0
0.0,0.0,0.0,0.0,0.0
0.0,2.3483338122128828e-08,0.0,0.0,0.0
0.0,8.531976972795324e-07,0.0,6.056650493077276e-08,0.0
0.0,1.83766545355934e-08,0.0,5.572622282969787e-07,0.0
0.0,1.5823619182184978e-07,0.0,1.45342563642533e-06,0.0
6.239394868467516e-06,0.0004725076567306377,0.0,0.0004792890484572784,0.0
0.0,2.172124801797245e-06,0.0,9.205682131817295e-07,0.0
1.281833314226391e-05,5.541509266868269e-05,0.0,0.00012681446839749497,0.0
0.0,1.4169212601066605e-06,0.0,5.100628570186009e-06,0.0
0.0,1.685549009472249e-05,0.0,1.6189511714999892e-06,0.0
5.537519916093099e-07,2.2727019540339292e-07,0.0,1.8759989187319627e-07,0.0
0.0,2.9983018960047426e-07,0.0,7.389241656615927e-07,0.0
0.0,7.060597478817563e-06,0.0,6.707410319185212e-06,0.0
1.783696693126301e-05,1.84166502298665e-05,0.0,1.193306863292065e-05,0.0
0.0,8.5966703351247e-07,0.0,3.825582372893641e-07,0.0
0.0,3.6623488594676324e-07,0.0,0.0,0.0
1.750129751510832e-06,6.163100158357483e-06,0.0,7.258130975659026e-06,0.0
0.0,2.4497601669923355e-06,0.0,4.475311287266451e-07,0.0
0.0,2.32481000214421e-06,0.0,1.3617687475440978e-06,0.0
0.0,1.630697033867106e-07,0.0,0.0,0.0
0.0,3.7006399814050294e-06,0.0,1.0475469055924747e-05,0.0
0.0,1.5455351576533532e-06,0.0,6.021412854280203e-07,0.0
4.588883835086141e-05,8.522478354509768e-06,0.0,4.062115847457958e-06,0.0
9.435432599133243e-06,2.1230943436348665e-05,0.0,1.8039179170190587e-05,3.1617102003993765e-05
0.0,1.5566016086089152e-07,0.0,0.0,0.0
0.0,4.0918001880861656e-08,0.0,2.4264715532933237e-06,0.0
6.657069065062104e-06,2.4335672762243524e-05,0.0,4.687909689089126e-06,0.0
0.0,1.7426938050593457e-07,0.0,1.5736964891921279e-07,0.0
0.0,2.007626597571713e-08,0.0,2.4409349873633717e-07,0.0
7.418016863870878e-05,9.029266699271335e-06,0.0,3.0358360178870903e-05,0.0
0.0,1.3159755510862031e-05,0.0,7.849604853622777e-06,0.0
0.0,1.1119193081822261e-07,0.0,0.0,0.0
0.0,3.7870579832394996e-07,0.0,4.376193402254542e-07,0.0
0.0,1.587123906722568e-08,0.0,0.0,0.0
0.0,3.9356573192920623e-07,0.0,0.0,0.0
0.0,1.6339257447594157e-08,0.0,0.0,0.0
0.0,4.6687552055746924e-07,0.0,3.8320413043698217e-07,0.0
0.0,0.0,0.0,0.0,0.0
0.0,3.819919170531863e-05,0.0,4.618372637248663e-05,0.0
0.0,2.7214957890799976e-06,0.0,3.030464957634171e-06,0.0
1.2059487818623492e-05,2.248697569786317e-05,0.0,1.7028662053816826e-05,0.0
0.0,1.99547415137057e-07,0.0,3.429250054073049e-08,0.0
0.0,1.2758851672263408e-06,0.0,1.0059054123436638e-06,0.0
0.0,1.3972564706476247e-06,0.0,0.0,0.0
0.0005187846744427459,0.000990192893434388,0.0020276511183217813,0.0008816327376425788,0.001181749579239528
0.0,4.526840039045943e-07,0.0,6.78225816756296e-07,0.0
0.0,9.544789402954364e-08,0.0,6.926228294677062e-08,0.0
6.238939105730179e-06,1.8494331547794628e-06,0.0,2.04717877474096e-06,0.0
0.0,1.9523046559199087e-06,0.0,5.467436682801765e-07,0.0
0.0,8.256950919975014e-08,0.0,0.0,0.0
1.22522104374271e-05,9.975334144307262e-06,0.0,4.786836096784128e-06,0.0
0.0,4.427083573232699e-06,0.0,3.7533511149681056e-06,0.0
4.37532437877708e-07,2.9690791824646085e-07,0.0,6.75701041981149e-07,0.0
0.0,4.445042909235378e-06,0.0,1.785982115885919e-06,0.0
0.0,9.932495142579356e-05,6.695467247704633e-05,8.593144164381408e-05,0.0
0.0,0.002155286108125769,0.0034392884809927447,0.0008943281155729965,0.003304155670296046
4.375324380020622e-07,0.00018377224345679253,0.0,1.1517865209034754e-05,0.0008865123326838559
7.180134373020002e-05,2.0084792453628464e-05,0.0,2.5822295048735614e-05,0.0
0.0,5.75782066665478e-06,0.0,5.868977560888808e-06,0.0
0.0,0.00015329564166625172,0.0,0.00012342507367786828,0.0
0.0,6.614507458052914e-07,0.0,3.149234404989991e-07,0.0
0.0,3.5071544103022244e-07,0.0,0.0,0.0
0.0,7.644909514562324e-07,0.0,4.325358659229866e-07,0.0
3.6125355062779726e-05,7.201808469779016e-07,0.0,0.0,0.0
0.0,4.6415162607795155e-07,0.0,3.709303534009711e-08,0.0
0.0,1.6098756733470954e-05,1.1877297814767642e-07,0.0,3.5547222066257246e-05
0.0,7.5283051519704e-06,0.0,4.5987232580874155e-06,0.0
0.0,4.171922191846207e-06,0.00015181583789225064,9.491832255229452e-07,0.0001130352287513749
0.0,1.268253881145219e-06,0.0,9.371440254693741e-07,0.0
0.0,1.7611620881320523e-07,0.0,0.0,0.0
0.0,4.1221376484602195e-09,0.0,2.6354306132934703e-07,0.0
0.0,4.154343136662156e-07,0.0,9.334191842608851e-07,0.0
0.0,1.2759186053387213e-06,0.0,0.0,0.0
0.0,3.8273727514743534e-05,0.0,4.606093470305131e-05,0.0
0.0,8.786363101925681e-08,0.0,6.691475985707412e-07,0.0
0.0,5.0476430508246135e-06,0.0,5.026954053610782e-06,0.0
0.0,0.0,0.0,0.0,0.0
0.0,6.32818801925856e-07,0.0,0.0,0.0
0.0,1.1166219503111997e-06,0.0,0.0,0.0
0.0,6.252314747731656e-06,0.0,6.168361828092589e-06,0.0
1.709111085751252e-07,3.6428009625140844e-05,0.0,1.7661793608874277e-05,5.361212977808386e-08
0.0,2.064839224856612e-07,0.0,8.126985471790082e-07,0.0
0.0,6.524089266962473e-06,0.0,8.770409374557472e-06,0.0
0.0,3.287053997446561e-07,0.0,3.6401113384177485e-07,0.0
0.0,3.3229836090011234e-05,0.00016380839348424924,5.302992560484195e-05,0.00016393698528444195
0.0,8.878726981174686e-07,0.0,1.6174424144273811e-06,0.0
1.750129750889061e-06,3.5095099060780114e-07,0.0,0.0,0.0
0.0,3.971856696958029e-06,0.0,2.097214050412919e-06,0.0
0.008384674975651554,0.003622603356382493,0.007275621181740779,0.0022191822017998035,0.009069358594165725
0.0,4.374710815528319e-06,0.0,0.0,0.0
0.0,6.655106348264695e-07,0.0,3.08050425864406e-07,0.0
0.0,3.22598909620801e-08,0.0,1.1436112286387892e-07,0.0
0.0,1.5585675043121143e-07,0.0,0.0,0.0
0.0,0.0001099923600111045,0.00012537561454060113,5.2354571387699254e-05,0.0
0.0,8.756118632517214e-05,0.0,7.498227549318991e-05,0.0
0.0,5.165707148594791e-07,0.0,0.0,0.0
0.0,4.579384490390873e-06,0.0,7.585929680840511e-08,0.0
0.0,7.041585241018947e-18,0.0,0.0,0.0
0.0,3.015611877315085e-06,0.0,1.2655176500807405e-06,0.0
0.0,9.115538306337601e-05,0.0,0.00010532972095418598,0.0
0.0017160321220772198,0.00022236581256891304,6.199272918318903e-05,7.661368047740307e-05,4.347157241494678e-06
0.0,7.443928011028269e-06,0.0,0.0,0.0
0.0,1.7004951923413508e-08,0.0,0.0,0.0
0.0,8.065521332327739e-07,0.0,3.1248165133361796e-07,0.0
0.0,6.069325367737304e-06,0.0,4.627888125393842e-06,0.0
0.0,1.2956484152241043e-06,0.00010976051957983953,9.946713736793359e-07,0.000230011209348023
0.0,4.942795753155113e-08,0.0,0.0,0.0
4.01982927353772e-06,2.112966919961368e-06,0.0,2.928649183285641e-06,0.0
0.0,7.902007675686299e-07,0.0,0.0,0.0
0.0,0.00036515849470833574,0.0,0.000491381730435075,0.0
0.0,4.668233173717588e-07,0.0,0.0,0.0
0.0,2.9153289631285813e-06,0.0,0.0,0.0
0.009588796845726586,0.001201837507581008,0.0031548329647986774,0.000945035005248571,0.0027132283434144725
0.0,4.044282327654849e-07,0.0,2.066894984849729e-07,0.0
0.0,9.40703326328391e-07,0.0,9.428578602646543e-07,0.0
4.628774158106273e-05,0.0002816007407647453,0.0,0.00028203600212699573,0.0
0.0,5.8349240485615234e-05,0.0,7.997739174673601e-05,0.0
0.0,6.424647455280618e-08,0.0,0.0,0.0
1.312597313633124e-06,1.938458889052062e-06,0.0,1.94971669544154e-06,0.0
7.461251889194217e-16,3.6061172004676505e-08,0.0,2.324249902881112e-07,0.0
0.0,5.605960293213189e-07,0.0,0.0,0.0
0.0,1.7760824024230543e-07,0.0,1.0504735831812051e-07,0.0
0.0,9.282295317421292e-07,0.0,5.647799711029015e-07,0.0
0.0,5.061792403514718e-07,0.0,0.0,0.0
0.0,4.0440290382478326e-08,0.0,0.0,0.0
0.0004639644841495334,3.6001964731623434e-05,0.0,7.172331076038164e-05,0.0
0.0,0.000386027346332957,0.0,0.00027290940088870255,0.0
0.0,2.0378275528333675e-08,0.0,0.0,0.0
0.005212843514978703,0.004895211571585921,0.011380430520892527,0.005492375153388891,0.011564140644576991
0.0,4.042194489116213e-07,0.0,1.0607838440788174e-06,0.0
0.0,4.916736701880248e-07,0.0,7.174383469910411e-07,0.0
0.0,1.353238642366332e-08,0.0,7.835587671428689e-07,0.0
0.0,3.386283400611432e-07,0.0,0.0,0.0
0.0,6.717385434084465e-05,0.0,3.4541558375656246e-05,0.0
0.0,0.00015116736349691127,0.0,8.810918906691639e-05,0.0
0.0002938112054255215,4.0954747703346884e-05,0.0,0.00012081797711214654,0.0
0.0,2.2945762423758208e-07,0.0,4.810431903630081e-06,0.0
0.0,2.979528106857504e-05,0.0,7.604780850630155e-05,0.0
0.0,1.654311409152211e-05,0.0,1.6572205268635958e-05,0.0
0.0,3.30521720324711e-07,0.0,7.189044680839129e-07,0.0
0.0,6.514903583801102e-07,0.0,3.0350691627455907e-06,0.0
0.0,1.0255140942069189e-05,0.0,5.364679346951213e-06,0.0
0.0,3.962477342010001e-07,0.0,8.981439116599862e-08,0.0
0.0,4.00781125767275e-06,0.0,6.653718827666616e-07,0.0
0.0,1.7952064644314958e-07,0.0,1.4196398521065054e-07,0.0
0.0,8.276126371436273e-06,0.0,8.927545901155397e-06,0.0
0.0,3.158517489324478e-07,0.0,0.0,0.0
0.0,2.3339156600668977e-06,0.0,0.0,0.0
4.375324380020622e-07,1.6438388564165743e-07,0.0,0.0,0.0
0.0,3.939369271364753e-07,0.0,3.403345442250712e-07,0.0
0.0,7.787707827858627e-07,0.0,0.0,0.0
0.0,3.205815979837344e-08,0.0,8.346851186859477e-09,0.0
0.0,3.086374763193031e-05,0.0,2.7574339187059062e-05,0.0
0.0,1.0336135456609898e-05,0.0,1.349574407859454e-05,0.0
0.0,1.360504389243831e-07,0.0,5.599311357866193e-07,0.0
0.0,9.481566192797226e-07,0.0,4.745654040738374e-07,0.0
0.0,2.3837785420049322e-07,0.0,0.0,0.0
0.0,9.040055936829079e-07,0.0,1.344609711161639e-06,0.0
0.0,5.53964165188463e-07,0.0,0.0,0.0
0.0,1.9946292360420955e-06,0.0,1.9138482865323242e-05,0.0
0.0,0.0003350660283150705,0.0,0.0002601044356476372,0.0
0.0,3.853788755059718e-05,0.0,0.0,0.0
0.0,5.647232483522205e-05,0.0,0.00010726773843024757,0.0
0.0,2.3397112623998535e-07,0.0,9.719575781120328e-07,0.0
0.0,2.273616184880658e-08,0.0,0.0,0.0
0.0,5.478132653289716e-07,0.0,0.0,0.0
4.37532437877708e-07,1.468750615025458e-06,0.0,5.041242158709033e-07,0.0
0.0,2.6323316229428347e-05,3.627317390713302e-05,4.5125601655190884e-05,3.0156703953937406e-05
0.0,3.2497270511916324e-05,0.0,2.3319355437614103e-05,0.0
0.0,4.207565236873974e-07,0.0,2.425222525349443e-06,0.0
1.3235356255469206e-06,3.178651012780272e-06,0.0,2.862914113523219e-06,0.0
0.0,2.9241071055789282e-08,0.0,0.0,0.0
0.0,3.707909570687894e-06,0.0,2.5312002170266886e-06,0.0
0.0,4.022775566364317e-06,0.0,7.927032197138358e-06,0.0
0.0,6.997054039411502e-08,0.0,8.54093534353395e-08,0.0
0.0,0.0003396723450664804,0.0005886597964727929,0.0004692097368215819,0.0
0.0,1.7638458162487574e-08,0.0,4.1918826172218757e-07,0.0
0.0,9.073982898475271e-06,0.0,2.5195904183142875e-06,0.0
0.0,9.77171063057601e-05,0.0,7.34761505210434e-05,0.0
0.0,0.00032469754543932336,0.0003660637833349329,0.0004078006334015328,0.00026630973481221016
0.0,4.43908025946029e-08,0.0,0.0,0.0
0.0,3.2004751954019665e-07,0.0,0.0,0.0
0.0,2.9881104435627015e-06,0.0,1.1255106311409395e-06,0.0
0.0,2.0759474232281394e-07,0.0,1.27779214376487e-06,0.0
0.00071138481642328,4.8495304711267776e-05,0.0,4.0903710653304945e-05,0.0
0.0,2.4258134868485135e-07,0.0,8.602611920768676e-08,0.0
0.0,1.056870921850949e-05,0.0,9.909403766666929e-06,0.0
0.0,5.173907276195246e-07,0.0,3.2319207911351993e-08,0.0
0.0,0.00011092249779466669,0.0,5.496860692370446e-05,0.0
0.0,1.2733054351886184e-07,0.0,5.157206804682569e-07,0.0
0.0,3.785169977422691e-07,0.0,5.980103169980766e-07,0.0
0.0,1.2046857445213213e-06,0.0,0.0,0.0
0.0,7.070397862192286e-09,0.0,1.8601419167210423e-06,0.0
0.0,8.270857999202081e-05,0.0003730898590012973,0.0001266952723373376,0.0001507310930108431
3.8677997716486805e-06,6.649267960529179e-07,0.0,4.463123050029315e-07,0.0
0.0,8.760430405844561e-07,0.0,0.0,0.0
0.0,3.8019233094355402e-06,0.0,2.9845429386395413e-06,0.0
0.0,4.0563218575099646e-07,0.0,6.297548828461026e-08,0.0
0.0,1.3051396178898355e-05,0.0,1.2025446968079484e-05,0.0
0.0,8.27696326817729e-05,0.0,2.929115324269585e-05,0.0
0.0,2.753038265886558e-08,0.0,5.763838276793398e-07,0.0
0.0,1.9345200754929067e-05,0.0,2.8380318251084742e-05,0.0
0.0,9.782199321337224e-06,8.923553740432381e-08,2.048729572951932e-06,1.4636696510477652e-08
0.0,2.8422247403593826e-08,0.0,8.198562765836351e-07,0.0
0.0,6.3337227812518775e-06,0.0,3.839750594177454e-06,0.0
0.0,1.5190529360251689e-06,0.0,1.4613359492033657e-07,0.0
0.0,4.805790625988588e-07,0.0,1.3883942435718778e-07,0.0
0.0,2.23868614226302e-06,0.0,9.588833270752343e-07,0.0
0.0,7.396363089623097e-07,0.0,5.917991807332666e-07,0.0
0.0,2.7279789369840127e-08,0.0,0.0,0.0
0.0,3.425382036984314e-07,0.0,5.96442807508376e-08,0.0
0.0,5.593042068872032e-07,0.0,1.3697066329954298e-06,0.0
0.0,2.1157549668786313e-07,0.0,0.0,0.0
0.0,1.5128169748987936e-07,0.0,4.6436073865248085e-07,0.0
0.0,1.2264019385752001e-05,0.0,1.3488684178788819e-05,3.439018119061952e-05
0.0,1.5889891038093725e-06,0.0,0.0,0.0
3.941893810260864e-06,9.856045902092564e-06,0.0,6.4970712606982156e-06,0.0
0.0,3.611062103706532e-05,0.0,1.729061173616428e-05,1.6923003660471974e-05
0.0,4.5156455875299986e-06,0.0,3.6404793041502577e-06,0.0
0.0,1.260292398660839e-06,0.0,6.015484831637381e-07,0.0
2.2383755667582656e-15,6.923037106927368e-07,0.0,2.551647522982468e-06,0.0
0.0,8.338242948523245e-06,0.0,2.7514677015281226e-05,0.0
0.0,3.624023461429765e-07,0.0,0.0,0.0
0.0,7.840365489844635e-07,0.0,5.957812761352029e-07,0.0
0.0,9.186156270722263e-08,0.0,6.701755020778607e-07,0.0
0.0,1.225376405134549e-08,0.0,0.0,0.0
0.0,1.601680550162206e-07,0.0,0.0,0.0
0.0,7.751911321215322e-07,0.0,6.552127156207608e-08,0.0
0.0,9.129446566304592e-05,0.0,0.00010892315112130235,0.0
0.0,0.0,0.0,0.0,0.0
0.0,3.0510737608242247e-07,0.0,0.0,0.0
0.0,1.2319648421132193e-07,0.0,2.6550119852842436e-07,0.0
1.2059487818747847e-05,2.6083968786518385e-05,0.0,2.191587984823522e-05,0.0
0.0,6.553574351289982e-07,0.0,0.0,0.0
0.0,0.0002505170408123351,0.0,0.00018392398096305914,0.0
0.0,0.0,0.0,0.0,0.0
0.0,1.3357167266946116e-06,0.0,0.0,0.0
0.0,0.00018014267709029938,6.699987166823846e-05,0.0,4.75028757749663e-05
0.0,7.296016980297863e-07,0.0,7.228848130464526e-07,0.0
0.0,4.187163716315035e-07,0.0,9.520258633716347e-08,0.0
0.0,3.978979895152986e-06,0.0,0.0,0.0
5.833765842100066e-07,5.086446079316208e-06,0.0,4.139046909645106e-06,9.28720148857239e-06
0.0,5.414267975549675e-07,0.0,7.427347210550231e-07,0.0
0.0,1.820853364965821e-06,0.0,1.4747774998397316e-06,0.0
0.00081946678866255,0.000295987534490227,0.0,0.0002758849794771572,0.0
0.0,1.4828387510929226e-09,0.0,5.972429286869521e-07,0.0
0.0,8.852453548490644e-06,0.0,7.975767959968044e-06,0.0
1.020909022336423e-06,6.232518838502505e-05,9.3461495895042e-05,3.5318798910401555e-05,0.0
0.0,6.324845689841972e-05,0.0,2.9946162802801606e-05,0.0
0.0,9.259516463309089e-07,0.0,0.0,0.0
0.0,0.00026519509776948427,0.0,5.700369452276182e-05,0.0
0.0,2.7199741419222395e-05,0.0,1.7404657598271e-05,0.0
1.701590995175785e-06,6.725040442307701e-05,0.0,8.571787070087579e-05,0.0
5.088593407046174e-06,0.0004837755719703263,0.0010314520576386879,0.00039193353986716764,9.2217240843479e-05
0.0,1.9244913165157437e-05,0.0,0.0002532307688972596,0.0
4.375324392456042e-07,9.755086181228108e-05,0.0,2.197454559746427e-05,6.27758860941466e-05
0.0014859740996608227,0.0008078569367748212,0.0001648832130033462,0.0007202420992512609,0.0
2.4441712786087256e-05,4.704191468335591e-05,0.0,1.2896863825486277e-06,0.00014954328522559743
0.0,6.7406973670358386e-09,0.0,0.0,0.0
8.286365732697262e-05,1.7130648754062434e-05,0.0,6.5284836807781035e-06,0.0
0.0,6.883829838448467e-07,0.0,6.360113759026951e-07,0.0
1.3125973125139363e-06,2.6811695190396974e-06,0.0,5.8878518905572255e-06,0.0
0.0,1.417869585867425e-07,0.0,0.0,0.0
3.3815218591496806e-05,0.0004116768987868096,0.0006444663850774949,0.00038949572028459093,0.00011683952611680053
0.0,1.1022779751717795e-05,0.0,3.303342816732735e-06,0.0
4.37532437877708e-07,3.402356263870724e-05,0.002138583429521623,2.786941304793596e-05,0.0011198485423951582
0.0,3.1481537112345643e-07,0.0,3.0524506347416385e-07,0.0
0.0,5.809147894750073e-06,0.0,1.2454491437776347e-05,0.0
0.0010486849588639592,0.0002457508631682625,0.0,0.0005226042190629299,0.0
0.0,9.995570909587644e-06,0.0,1.8706491119786258e-05,0.0
0.0,2.2831728669223093e-05,9.135248902772323e-05,3.510738211048191e-05,4.716115436932484e-05
9.245379446139048e-05,7.635024613401699e-05,0.0,7.799215095860114e-05,0.0
0.0,2.4491752038402336e-05,0.0,2.3514800111522408e-05,0.0
3.7019346114760685e-06,3.33339599277395e-05,0.0,1.9197708919946932e-05,0.0
5.537519916093099e-07,3.905871931634645e-05,0.0,3.6299790977737436e-05,0.0
4.974167926129479e-16,0.0001573358509137007,5.5640082777890495e-05,0.00015078845553875053,0.0
4.3753243775335383e-07,0.0004876376176563037,0.0,0.00037559711123027984,2.861678688988054e-05
0.0,5.664315569326982e-05,0.0,0.0001470407896446459,0.0002559003575468449
2.880535823341939e-05,9.08516301379348e-05,0.0,8.012096379600459e-05,0.0
0.0,2.6716068188091757e-08,0.0,0.0,0.0
0.0,1.152577469569966e-06,0.0,1.1248427761224592e-07,0.0
0.0,0.00026103787197107866,0.0,0.0003023833726213904,1.283219433703168e-06
0.0,2.793747352404869e-06,0.0,1.3148804678179245e-06,0.0
0.0,3.5180358207948767e-07,0.0,0.0,0.0
0.0,5.303643641343154e-09,0.0,0.0,0.0
0.0,3.5106775734171935e-07,0.0,2.6842169885013815e-07,0.0
0.0,0.00013905522889957008,0.00015294110197198955,0.00010777439112484729,0.00012143056125709505
0.0,2.1210188397348893e-08,0.0,0.0,0.0
0.0,7.984272767442276e-06,0.0,2.7689201504144828e-06,0.0
0.0,8.762481100117951e-07,0.0,4.230698600574765e-07,0.0
0.0,6.648020675736512e-05,0.0,7.161024241663856e-05,0.0
0.0,5.417544034621108e-07,0.0,3.219181566370835e-06,0.0
2.2054369449613933e-05,1.2636610872895697e-05,5.4832871918358775e-05,9.232703229711602e-06,0.0
0.0,1.3497127609119384e-07,0.0,2.553293055925878e-07,0.0
0.0,2.7009056844098325e-07,0.0,7.960274635895288e-08,0.0
0.0,7.386059177541091e-07,0.0,0.0,0.0
0.0,2.3335788683971284e-07,0.0,0.0,0.0
0.0,8.489252492314825e-07,0.0,4.1120176779707106e-07,0.0
0.0,0.00029197469291241085,0.00028250451398188303,0.00012576227609614266,0.000380184702848999
0.0,1.0344771962956055e-07,0.0,0.0,0.0
0.0,7.161680605318608e-06,0.0,7.407411644660772e-06,0.0
0.0,0.0,0.0,0.0,0.0
0.0,1.7918865010701235e-08,0.0,0.0,0.0
0.0,4.2607477279730165e-08,0.0,1.0502826984599422e-07,0.0
0.0,2.9041710086196496e-07,0.0,0.0,0.0
0.0,1.2916087115034978e-06,0.0,3.3130770905433687e-07,0.0
0.0,1.895390049833409e-08,0.0,0.0,0.0
0.0,2.9268096092982276e-08,0.0,1.9785038062216499e-07,0.0
0.0,1.2169429691181352e-07,0.0,0.0,0.0
0.0,2.992624688364807e-07,0.0,8.957286110014524e-08,0.0
0.0,1.7871452957923036e-07,0.0,0.0,0.0
4.272777713507651e-06,9.109365849283017e-07,0.0,0.0,0.0
0.0,6.785665845362068e-05,0.0,3.208750724569311e-05,0.0
0.0,7.569835059025994e-08,0.0,5.842515310340264e-08,0.0
0.00013947089548152313,8.225184863727968e-06,0.0,5.767244100018504e-06,0.0
0.0,2.716888576790858e-05,0.0,1.4050503142641572e-05,0.0
0.0,1.1507003377925055e-08,0.0,0.0,0.0
0.0,6.137408516012726e-08,0.0,5.116510022949737e-07,0.0
0.0,3.936377702584067e-07,0.0,5.451363497852168e-09,0.0
0.0,3.130362711995034e-06,0.0,1.115725878702108e-05,0.0
2.4870839630647396e-16,0.0005823281038817941,0.0,0.0006044620430408761,7.532340423837698e-05
0.0,6.345740268370927e-08,0.0,0.0,0.0
0.0,6.619169301160885e-08,0.0,0.0,0.0
0.0,7.271694541037227e-08,0.0,0.0,0.0
0.0,7.528817302229932e-07,0.0,9.438962550502924e-09,0.0
0.0,4.986912678911607e-07,0.0,3.7464201511152743e-07,0.0
0.0,2.3268803901765606e-06,0.0,0.0,0.0
0.0,9.952449408839451e-07,0.0,6.211848552674755e-07,0.0
7.383359882735448e-07,5.7280289174883285e-05,0.0,5.0639189373322586e-05,0.0
0.0,2.5024645217230677e-06,0.0,6.398323381583413e-07,0.0
0.0,1.7772507125152104e-07,0.0,0.0,0.0
0.0,2.316034326110201e-07,0.0,0.0,0.0
0.0,0.0004983079535887355,9.658411478514116e-05,0.0003741906792787301,0.00033285984504269486
0.00020483810299334272,0.00011224729324126985,0.0,0.00018759110256054976,0.0
0.0,2.1192874316744197e-05,0.0,1.4520764859340341e-05,0.0
0.0,2.0421665554066855e-06,0.0,0.0,0.0
0.0,3.40901513583454e-06,0.0,1.1040338962030995e-06,0.0
3.816486486410135e-05,1.462642585637926e-06,0.0,0.0,0.0
0.0,8.854832356948942e-07,8.260989698187359e-05,0.0,0.0
0.0,1.6075839737172051e-07,0.0,8.654424412245689e-07,0.0
0.0,9.697671410518822e-07,0.0,3.3626588959740847e-07,0.0
0.0017711434247454784,0.0008845336235740265,0.00038386584590628566,0.0011677898475682038,0.0004508579340634742
0.0,4.002323103089589e-06,0.0,1.977615867889842e-06,0.0
0.002205247692729644,0.001291160885818497,0.00251527057798475,0.001280189065048991,0.002965910063955574
1.8432053426781935e-05,3.4323941187099803e-07,0.0,7.479093252338283e-08,0.0
0.0,5.250452263839991e-06,0.0,6.168470573607372e-06,0.0
0.0,1.957544917858156e-17,0.0,5.15136422014929e-07,0.0
0.0,7.831730850257823e-07,0.0,0.0,0.0
0.0,5.452203011796102e-08,0.0,0.0,0.0
0.0,5.18964951275479e-07,0.0,0.0,0.0
0.0,2.8786170638585704e-06,0.0,0.0,0.0
0.0,5.263081365395401e-07,0.0,4.704648443241523e-07,0.0
0.0,3.134956766921228e-06,0.0,7.368748356052591e-06,0.0
0.0,6.780798662833211e-07,0.0,6.268921501574156e-07,0.0
0.0,4.072230064965804e-07,0.0,3.981031587881497e-07,0.0
0.0,9.764557860677002e-05,0.0,0.0,0.0
0.0,2.6076997271036416e-08,0.0,0.0,0.0
1.5404787922307077e-06,3.7615242161410326e-07,0.0,0.0,0.0
0.0,6.595267892957659e-07,0.0,6.424966683834617e-07,0.0
0.0,1.0766079733154927e-06,0.0,0.0,0.0
0.0,9.327420015912396e-06,0.0,1.3353067191135427e-06,0.0
0.0,1.255103051353992e-07,0.0,6.181831069085112e-07,0.0
0.0,7.724545022298244e-06,0.0,2.708715184385933e-05,0.0
0.0,3.810081466030685e-05,0.0,6.20141277004977e-05,0.0
0.0,3.201224199557629e-07,0.0,1.904755841500855e-07,0.0
0.0,4.964871565723031e-06,0.0,2.04744190633236e-06,0.0
0.0,2.5243725154446048e-05,0.0,1.3935988185545874e-05,0.0
4.019829273164657e-06,2.4163729736383172e-06,0.0,1.9423965764936323e-06,0.0
0.0,7.737244627830104e-08,0.0,6.450448815816518e-08,0.0
0.0,6.9203292597207895e-06,0.0,5.1218158850914005e-06,0.0
0.0,1.1597353654623292e-06,0.0,1.976662496380282e-06,0.0
0.0,5.464368198679608e-09,0.0,0.0,0.0
0.0,3.492458049314349e-08,0.0,0.0,0.0
0.0,1.9876642097092493e-08,0.0,7.44843922407339e-07,0.0
0.0,8.043522734773518e-07,0.0,2.153990609176471e-06,0.0
0.0,2.7242969677292386e-06,0.0,2.0177024243379014e-06,0.0
0.0,1.733356540191351e-06,0.0,2.004617962926811e-06,0.0
0.0,4.4856779085679065e-08,0.0,0.0,0.0
0.0,4.02688640625077e-05,7.475216917586369e-05,8.617776720557549e-05,3.905292866433606e-05
0.0,2.75844948071719e-06,0.0,1.5940902107620918e-06,0.0
0.0,1.701186405411582e-07,0.0,0.0,0.0
1.709111085154352e-05,0.00013835234842535262,0.0,0.00018167908324614467,0.00011849071549201908
0.0,8.202343877176215e-08,0.0,0.0,0.0
0.0,0.00010514286446248286,0.0,7.26820768841751e-05,0.0
0.0,1.5192590513239528e-06,0.0,2.1031724434110165e-06,0.0
0.0,2.386504444952025e-06,0.0,1.9227648045992314e-05,0.0
0.0,3.1660571064379033e-07,0.0,2.0097402401905458e-07,0.0
2.00051452543971e-05,1.063111740424214e-05,0.0,6.535698039570852e-06,0.0
0.0,4.823490346922975e-05,0.0,3.4273870155911486e-05,0.0
0.0,7.72199444540991e-07,0.0,4.592057209418906e-07,0.0
0.0,7.140664883931356e-07,0.0,0.0,0.0
0.0,3.300500292521193e-05,0.0,7.734519920365665e-06,0.0
0.0,7.572555813816636e-07,0.0,0.0,0.0
0.0,4.6393153430134177e-07,0.0,6.788375439658834e-08,0.0
0.0,1.0059954949486699e-06,0.0,0.0,0.0
0.0,2.3504423145713157e-07,0.0,0.0,0.0
0.0,6.101695499744458e-06,8.339637382660804e-05,0.0,0.0
4.410116997600234e-05,0.0,0.0,8.080792901599284e-06,0.0
0.0,5.138942067163716e-07,0.0,1.2513840295420514e-07,0.0
0.0,7.11151708580567e-08,0.0,9.023130794420268e-07,0.0
0.0,0.00019031663946174465,0.0,6.399546180813213e-05,0.000509467828620696
0.0,2.4639061688778665e-07,0.0,4.774593401801381e-08,0.0
0.0,0.0,0.0,1.937722971016904e-06,0.0
1.975732414432064e-06,8.719366873565427e-07,0.0,3.210026265912139e-06,0.0
0.0,0.0008392563821474573,0.0010710800203389535,0.001191417337724093,0.001420450658994784
4.375324381264164e-07,1.067643881121184e-08,0.0,8.384343453095067e-09,0.0
0.0,1.197907828516029e-07,0.0,3.751151974493113e-07,0.0
0.0,0.0,0.0,0.0,0.0
0.0,2.4228756403053304e-07,0.0,0.0,0.0
2.63430988624103e-06,1.5610270971819154e-07,0.0,0.0,0.0
0.0,1.9483948684739458e-07,0.0,2.3183474982011226e-08,0.0
0.0,7.059642649839644e-07,0.0,3.203263573345332e-06,0.0
0.0,7.436733086489201e-08,0.0,2.4940349285840835e-07,0.0
0.0,2.493010767000454e-08,0.0,0.0,0.0
0.0,1.1353874678417863e-06,0.0,3.996725863804678e-06,0.0
0.0,2.745036675360279e-06,0.0,0.0,0.0
0.0,4.489903623471214e-06,0.0,7.02381228342788e-06,0.0
0.0,3.1174399507157767e-07,0.0,0.0,0.0
0.0,3.3518977280789022e-06,0.0,4.0950476153697036e-07,0.0
0.0,4.078480936923486e-07,0.0,6.760871859663315e-07,0.0
7.383359886466075e-07,0.0007167818365541716,0.00010467471644403011,0.0010115401733037039,0.0
0.0,0.0003279177518565573,0.0,0.0002648550855214244,4.6391041765017655e-06
5.537519917336641e-07,4.713407604772085e-06,0.0,4.772465115413519e-06,0.0
5.833765858266112e-07,2.6550891373853474e-05,0.0,7.669080050688259e-06,0.0
0.0,4.9726375076896015e-08,0.0,2.7806010608702054e-06,0.0
0.0,5.294292385849264e-05,0.0,4.5262747776810716e-05,7.932387076388069e-06
0.0,9.008117205407318e-07,0.0,0.0,0.0
0.0,1.0512975553086306e-07,0.0,1.2638274516476607e-07,0.0
0.0,1.6200158572827436e-06,0.0,1.8424623093349184e-06,0.0
0.0,1.9284029569389654e-08,0.0,8.551437744591653e-07,0.0
0.0,9.498989366878935e-07,0.0,4.7313864044398485e-06,0.0
0.0,0.00014662679761632682,7.787165118327554e-05,0.00010807785059193222,0.00018379337490217017
0.0,1.7276789712475706e-06,0.0,3.1689951994289843e-07,0.0
0.0,6.215739930986235e-06,0.0,7.887321251530402e-06,0.0
0.0,1.3454452543206984e-06,0.0,1.0129538122920642e-06,0.0
0.0,3.477672211388145e-05,0.0,8.16245019969198e-06,0.0
0.0,1.017752702239881e-07,0.0,9.660042365830213e-08,0.0
0.0,4.334943540543519e-06,0.0,2.3695008958184336e-06,0.0
0.0,8.880251879133423e-05,0.0,5.804001388264412e-07,0.0
0.0,1.2790916871562493e-05,0.0,6.704550173595001e-05,3.649297820103088e-05
0.0,8.636416775042126e-05,0.0,6.27530022305565e-05,0.0
0.0,2.5460249780777974e-05,0.0,5.1001556413457804e-05,3.6304606062923057e-05
0.0,6.004352449474863e-07,0.0,0.0,0.0
0.0,1.8489297088071e-08,0.0,7.628576094526461e-07,0.0
0.0,3.150149538091123e-06,0.0,8.370369003950814e-07,0.0
0.0,1.1403994589577396e-08,0.0,4.1331677710427135e-07,0.0
0.0,2.743570639855415e-07,0.0,0.0,0.0
0.0,6.285629151325161e-06,0.0,2.3071956811981444e-07,0.0
0.0,1.3435488153251645e-08,0.0,0.0,0.0
0.0,4.152896144134309e-07,0.0,0.0,0.0
0.0,0.0,0.0,0.0,0.0
0.0,1.18740257584702e-07,0.0,4.428919229415842e-07,0.0
0.0,2.2651813631885604e-05,0.0,4.1581831228710456e-05,0.0
0.0,6.371499006158019e-07,0.0,0.0,0.0
0.0,3.96069409632488e-06,0.0,3.648197854553163e-06,0.0
0.0,0.00010605996240241534,0.0,0.0001612032537161077,0.0
0.0,1.789431084288926e-07,0.0,0.0,0.0
0.0,1.3407221995980153e-07,0.0,5.328505096514773e-08,0.0
0.0,6.163174533284105e-08,0.0,0.0,0.0
4.375324380020622e-07,8.17009636310249e-08,0.0,0.0,0.0
0.0,1.2906487301414849e-08,0.0,3.081142220765604e-08,0.0
0.0,5.4961835418245305e-09,0.0,0.0,0.0
0.0,7.282092106240329e-06,0.0,3.0241189304572837e-06,0.0
0.0,3.2810447874683825e-06,0.0,1.9856902785788305e-06,0.0
0.0,9.463525320237495e-09,0.0,0.0,0.0
0.0,1.5870364060256898e-07,0.0,1.9184300699184538e-06,0.0
0.0,2.32879141476006e-06,0.0,3.7264663597547196e-07,0.0
0.0,1.7012162120673964e-07,0.0,3.94927551100623e-07,0.0
0.0,2.7411259448734474e-17,0.0,0.0,0.0
5.833765839612983e-07,3.362390374955784e-07,0.0,9.827847769480695e-08,0.0
0.0,1.4666570391307528e-08,0.0,0.0,0.0
0.0,1.5883531223821354e-06,0.0,4.251870518776427e-07,0.0
0.0,0.0,0.0,6.001357526625506e-07,0.0
0.0,1.6678993765689974e-06,0.0,0.0,0.0
0.0,5.072859824823733e-06,0.0,5.328355449289924e-06,0.0
0.0,1.0472597894351838e-06,0.0,9.929200444227638e-07,0.0
0.0,4.604718898707196e-05,0.0,5.0993865086790646e-05,0.0
0.0,6.531117183439656e-06,0.0,2.0174590719211448e-07,0.0
0.0,3.617386278760054e-08,0.0,3.756165160561692e-07,0.0
0.0,2.013924521103267e-05,0.0,5.957492039262547e-05,0.0
0.0,1.0218293012265318e-07,0.0,0.0,0.0
0.0,1.959983829942156e-06,0.0,1.315017824650359e-07,0.0
0.0,1.5443283160519595e-07,0.0,1.1294293439977953e-06,0.0
2.7710387723550045e-06,0.0005500590442626822,9.288524556360282e-07,0.0005939024102766269,0.0006780453719549254
1.750129751510832e-06,2.2477105513239155e-06,0.0,1.4545207737411684e-07,0.0
0.0,5.218116866514214e-06,0.0,2.2894495361257676e-06,0.0
0.0,8.052867953441122e-07,0.0,4.245308256407567e-07,0.0
0.0,1.1532771336421823e-07,0.0,0.0,0.0
0.0,4.059928500934577e-17,0.0,0.0,0.0
4.974167926129479e-16,1.6274542500204896e-08,0.0,1.2726263741948278e-06,0.0
0.0,4.27807546103539e-06,0.0,3.2295665283104855e-06,0.0
0.0,1.1176228662507067e-05,0.0,2.2380468699056352e-05,0.0
0.0,4.459218579497721e-07,0.0,3.9247372034666715e-07,0.0
1.4180982990808705e-05,2.0527716975763816e-06,0.0,8.189456940460114e-07,0.0
0.0,1.066033439964625e-06,0.0,1.7906935496409688e-05,0.0
0.0,4.842531820260189e-06,0.0,4.38178769034355e-06,0.0
0.0,2.815640249754395e-08,0.0,5.7896438888059125e-08,0.0
0.0,5.262279772884961e-08,0.0,0.0,0.0
0.0,2.416269922074853e-07,0.0,0.0,0.0
0.0,4.8797514541204636e-08,0.0,6.969408745019219e-07,0.0
0.0,2.695454416975057e-07,0.0,0.0,0.0
0.0,3.7046359103575776e-07,0.0,0.0,0.0
1.2719953455105273e-05,3.6230398126775045e-07,0.0,8.417312760986303e-07,0.0
0.0,1.5132282519266141e-07,0.0,2.462750227953402e-07,0.0
0.0,7.272353675004166e-08,0.0,1.0355890370113981e-06,0.0
0.0046355130943841975,0.001743921199005174,0.002710308440778299,0.0018010208398716338,0.0030346792800017386
0.0,1.03308880001793e-08,0.0,0.0,0.0
0.0,0.00025969618699884,0.0,0.000308066554763942,0.0
0.0,1.7107706228295751e-06,0.0,8.31351500220171e-08,0.0
0.0,5.5471431323750806e-06,0.0,4.342885479746039e-06,0.0
0.0,3.1031232206100827e-07,0.0,0.0,0.0
4.37532437877708e-07,1.2237442677898298e-06,0.0,4.1171469602371937e-07,0.0
0.0,0.00017708781651834397,7.073470307511708e-05,4.515008516793938e-05,0.00021182608999848347
0.0,4.76306392855744e-07,0.0,4.249510485225936e-07,0.0
0.0,1.803098551585204e-07,0.0,0.0,0.0
0.0,9.310139473548888e-06,0.0,9.948767875964376e-07,0.0
0.0,1.6886062325024077e-07,0.0,1.4415506721324934e-06,0.0
0.0,0.00020807828616657966,0.0,0.00020729722761605294,0.0
0.0,2.0301170033105957e-05,0.0,1.58248767032668e-05,0.0
0.0,4.2376337953606494e-08,0.0,1.025540124578435e-08,0.0
0.0,8.828037574293278e-18,0.0,0.0,0.0
0.0,6.532820820582383e-08,0.0,1.7097515635587636e-08,0.0
0.0,3.7159853906249907e-06,0.0,1.6410241570019248e-05,0.0
0.0,0.0,0.0,0.0,0.0
0.0,8.807058845147031e-06,0.0,4.736177561144605e-06,0.0
0.004678247583142419,0.0005723439341252971,0.0,0.0006162389958753415,0.0
0.0006682443492015288,0.00010722505760570535,0.0,0.00020231121225525384,0.0
0.0,4.4820544526738327e-07,0.0,0.0,0.0
0.0,0.000878855654298191,9.090864053371555e-05,0.0010589521233463591,9.484190795054038e-07
0.0,9.526848521955687e-07,0.0,0.0,0.0
0.0,6.676828510846416e-07,0.0,0.0,3.840390905806762e-05
0.0,1.1065122137920384e-08,0.0,0.0,0.0
0.0,3.8465512165857954e-07,0.0,0.0,0.0
0.0,3.562142421883992e-08,0.0,1.2710350279596882e-07,0.0
0.0,3.2924267518271413e-07,0.0,4.757448367330021e-07,0.0
7.849377511655565e-06,5.928928975677258e-05,0.0,5.589435304172273e-05,0.0
0.0,1.784613721991268e-05,0.0,2.749217631761185e-05,0.0
0.0,1.0639905992784495e-07,0.0,2.193076611876345e-07,0.0
0.0003974436476844012,8.126236896680403e-05,0.0001748075066509108,7.724254082428433e-05,0.00012193122011966757
0.0,7.047638080094851e-06,0.0,6.713177093488409e-06,0.0
0.0,3.77768408539592e-07,0.0,5.058283414658544e-05,0.0
0.0,1.0374890417951748e-07,0.0,1.3853815444528461e-06,0.0
0.0,1.3632318087127015e-08,0.0,0.0,0.0
0.0,1.8382311667185097e-06,0.0,1.5165085318899806e-06,0.0
0.0,4.390608959851873e-07,0.0,1.5115962909608285e-07,0.0
0.0,4.3543257017600595e-05,6.990237586177926e-05,4.3212880604034326e-05,7.054566500957234e-05
0.0,1.3939963428595933e-05,0.0,3.354666518398833e-05,0.0
0.0,1.3386766906178217e-06,0.0,7.163545449803578e-08,0.0
0.0,4.32789813501079e-05,0.0,1.1703778032643616e-05,0.0
0.0,2.5712630348696693e-07,0.0,0.0,0.0
0.0,9.063334380112574e-07,0.0,4.132820875153001e-07,0.0
0.0,2.701657491955813e-07,0.0,7.589936531316382e-07,0.0
0.0,1.6031633551324064e-06,0.0,5.065997676244547e-07,0.0
0.0,0.0,0.0,7.039444155659087e-08,0.0
0.0,6.9651122239550055e-06,0.0,1.3117441688204605e-05,0.0
0.0,4.1531779240380874e-17,0.0,0.0,0.0
0.0,2.4018882922758688e-05,0.0,2.1713384955953338e-05,5.214316935288107e-07
0.0,0.0,0.0,4.0423365754948294e-08,0.0
0.0,3.858935532418991e-07,0.0,0.0,0.0
0.0,2.4019501921770624e-07,0.0,2.9673781736189277e-08,0.0
0.0,2.9849791065586576e-06,0.0,8.750241778236711e-07,0.0
0.0,4.130341731261595e-06,0.0,1.1656455495991389e-06,0.0
0.0,3.632800059000118e-05,0.0,2.9107666996323317e-05,0.0
0.0,3.608607322412582e-06,0.0,1.0228251114698866e-06,0.0
0.0,2.283015874347269e-06,0.0,0.0,0.0
1.7803240473280156e-05,0.00013095004778848447,0.0,9.557579067133498e-05,0.0
0.0,6.050930679351984e-07,0.0,7.096020259489344e-07,0.0
0.0,1.953671520288496e-06,0.0,1.6089286061490826e-06,0.0
0.0,1.5863143758539512e-07,0.0,0.0,0.0
0.0,9.7626778762282e-07,0.0,2.0981123537669702e-05,0.0
0.0,7.990320080433638e-08,0.0,0.0,0.0
0.0,8.144992606576243e-08,0.0,7.569496986079331e-07,0.0
0.0,3.906621918487623e-06,0.0,1.6073050376302999e-06,0.0
0.0,9.239011070649679e-06,0.0,2.1970459425341142e-05,0.0
0.0,1.8974389268835784e-06,0.0,1.4367696170893691e-06,0.0
0.0,9.24827489880614e-05,0.0,8.913762828166946e-05,0.0
0.0,1.7390563193271888e-06,0.0,0.0,0.0
0.0,4.598320751421318e-07,0.0,2.324594952352933e-07,0.0
0.0,8.21613182781813e-05,0.0,0.00012606462102580804,0.0
0.0,1.4998234009662136e-08,0.0,2.0779351566731376e-07,0.0
0.0,0.00016646722048655128,0.00025322954604308526,4.184908421730191e-05,0.0
0.0,3.431635029026937e-06,0.0,3.851933597450755e-07,0.0
0.0,1.021228304699149e-05,0.0,4.881149263341368e-05,0.0
0.0,0.0,0.0,5.54502636809307e-08,0.0
0.0,1.023494752727097e-06,0.0,1.8790241801499542e-08,0.0
5.537519922310808e-07,1.3960007826854443e-05,0.0,1.976147378364599e-05,0.0
0.0,0.0,0.0,7.171763427718209e-07,0.0
0.0,6.800067728500736e-09,0.0,1.4596559805101152e-06,0.0
0.0,4.917317144763798e-07,0.0,0.0,0.0
0.0,6.895712294846251e-05,7.045369229729996e-05,5.529685951119741e-05,0.0
0.0,3.3293434809561645e-06,0.0,6.235482764276066e-06,0.0
0.0,0.0,0.0,0.0,0.0
0.0,8.947551332658351e-07,0.0,7.556638039574101e-07,0.0
0.0,0.0,0.0,0.0,0.0
0.0,0.0,0.0,0.0,0.0
0.0,1.0849622879926416e-06,0.0,2.722715833413116e-07,0.0
0.0,1.4121304366836406e-07,0.0,0.0,0.0
0.0,1.290375274645354e-07,0.0,2.4808553490747413e-06,0.0
0.0,1.1251443588812688e-07,0.0,0.0,0.0
0.0,5.788591083521996e-06,0.0,1.043444441546817e-05,0.0
0.0,1.5374758901279957e-07,0.0,0.0,0.0
0.0,2.673461791547685e-08,0.0,0.0,0.0
0.0,1.885227330853058e-05,0.0,1.133761005287325e-05,0.0
0.0,2.0713344185428618e-05,0.0,7.078650350339666e-06,0.0
2.0043640946079774e-05,0.0005619880002281008,5.699623649415719e-07,0.00037588806245615717,7.453116803657988e-05
0.0,2.190907469374484e-08,0.0,0.0,0.0
0.0,1.2562906547818217e-05,0.0,4.384517104651755e-06,0.0
1.9709469048195467e-05,3.819028275244757e-05,0.0,2.7803051271769038e-05,0.0
0.0,2.6951469111524505e-06,0.0,0.0,0.0
0.002749078432774098,0.002304594229935003,0.005892662280082481,0.002574390155593866,0.006289096678530723
0.0,2.8617618208148883e-06,0.0,3.657203324254679e-07,0.0
0.0,7.799745118580913e-08,0.0,9.945493317662893e-08,0.0
0.0,4.638144442572962e-06,0.0,4.047556978309183e-06,0.0
0.0,2.6387166569572486e-08,0.0,0.0,0.0
0.0,9.403584967062819e-07,0.0,0.0,0.0
0.0,1.795011888533893e-07,0.0,8.928872051507756e-07,0.0
0.0,8.7308990395782e-08,0.0,8.485562782516451e-08,0.0
0.0,1.1612974323900712e-06,0.0,1.6026759943396118e-06,0.0
0.0,3.796067138437686e-09,0.0,0.0,0.0
0.0,9.191740199512285e-07,0.0,4.988845752242781e-06,0.0
0.0,1.3316039096073695e-07,0.0,8.074283706710673e-08,0.0
9.966710643710841e-05,0.00038650486754213977,7.080465085909135e-05,0.0003863859292317662,6.24174538675964e-05
0.0,1.0381643666670944e-05,0.0,0.0,0.0
0.0,8.568085545693415e-05,0.0,3.4796025819067742e-06,0.0
0.0,4.140404466347115e-06,0.0,4.20080473520637e-06,0.0
0.0,1.6485373622038159e-07,0.0,0.0,0.0
0.0,9.140801296401206e-07,0.0,5.70164861414747e-07,0.0
0.0,5.846865088323511e-09,0.0,1.2039834200356282e-08,0.0
0.0,2.5227145175484653e-06,0.0,7.378848848401021e-06,0.0
4.37532437877708e-07,1.4030537343667848e-05,0.0,4.62531796029529e-06,0.0
0.0,0.0,0.0,0.0,0.0
0.0,3.2461643859063e-08,0.0,0.0,0.0
4.3753243775335383e-07,1.603768610788374e-07,0.0,2.3731360050279612e-07,0.0
0.0,5.9273727806866315e-08,0.0,0.0,0.0
0.0,3.370858629759448e-07,0.0,7.064335741904672e-07,0.0
0.0,4.546260288753385e-05,0.0,3.9810405172355526e-05,0.0
4.823795127312608e-05,0.00014701289963311005,4.793987066946965e-05,0.00029044771978965203,2.5554238904683264e-05
0.0,0.00010183292475582641,0.0,0.00011699850145390205,5.97822307781651e-05
0.0,1.7125643478431542e-07,0.0,0.0,0.0
0.0,0.00014939271374862686,0.0,0.0001398080328514518,0.0
0.0006177000920510313,0.00022969820618767,0.0,0.00024034037152125914,0.0002585976212923005
0.0,4.986777681057595e-08,0.0,0.0,0.0
7.461251889194217e-16,0.00027350134548890284,4.59673839387008e-05,0.00020657358754714694,2.392879949563097e-05
0.0,6.26951932316299e-07,0.0,6.976051745872083e-07,0.0
0.0,0.0,0.0,0.0,0.0
0.010082097034403985,0.0009604186006259231,6.767658831917407e-05,0.0008914550549160821,4.989030212862374e-07
0.0004047648563941694,3.621710309184241e-05,0.0,4.960471932693558e-05,1.3561108012210732e-07
0.0,1.4538328001375475e-08,0.0,2.1316789559525599e-07,0.0
0.0,3.510716797602533e-07,0.0,3.461036644586266e-08,0.0
0.0,0.0,0.0,5.335932440139511e-07,0.0
0.0,4.91052606058567e-07,0.0,3.1329560220326976e-07,0.0
1.5284010732497313e-05,0.0006738847023188562,0.00033987818692565144,0.0006322678866349957,0.00043778210533870196
4.375324380020622e-07,2.1579052835658745e-05,0.0,1.4903615019710242e-05,0.0
6.684037209076757e-05,6.837955510888672e-05,0.00012759342742014226,5.0840625400994116e-05,0.0
7.595289665401885e-06,0.00017903368554991322,0.0,0.00012076261787076945,0.0
0.0,1.4090590471523333e-06,0.0,2.6341906954242114e-06,0.0
0.0,3.4325259005845375e-06,0.0,4.42562283024966e-07,0.0
0.0,2.9385984060736137e-05,0.0,1.6676756908398023e-05,0.0
1.2059487818623492e-05,0.00011059187000048574,0.0,9.057731868465389e-05,0.0
0.0,0.0,0.0,0.0,0.0
0.0,2.2292540925686334e-06,0.0,2.3852871240890004e-06,0.0
0.0,2.8428618105422803e-06,0.0,0.0,0.0
0.0004970369908696657,7.33910785829528e-05,0.0,9.700711030825822e-05,0.0
3.9962435399238766e-05,0.0012653005630201728,0.0,0.001272259299007673,0.0
5.853135763224523e-06,1.3812094984429936e-05,0.0,2.871967492468333e-06,0.0
0.0003247106029498755,2.8784265122203186e-06,8.130588831134379e-05,2.9276265071887375e-07,3.8963183596299154e-05
5.011113700786362e-06,9.13568070499331e-06,0.0,3.114378090094929e-06,0.0
3.2664531064137935e-05,5.8538714298707325e-06,0.0,6.016129375419973e-06,0.0
0.0,4.800363182271958e-07,0.0,0.0,0.0
0.00047198102672850006,0.0013276111434494657,0.0014444387866533576,0.0012434117391652993,0.0015907403720978538
0.00015050695638211002,2.465235869794015e-05,0.0,2.5523164626081585e-05,0.0
0.0,5.085613569558301e-06,0.0,1.2016174646119208e-06,0.0
0.0,9.175906042678856e-06,0.0,1.0058306861056987e-05,0.0
0.0,7.266150655846492e-08,0.0,5.775791929883445e-07,0.0
0.0,9.569685714898996e-08,0.0,0.0,0.0
0.0,6.91134713684361e-05,0.0,5.0616349064764274e-05,0.0
1.5587776741245435e-05,6.95131514189986e-07,0.0,1.0740981974666636e-06,0.0
0.0,0.0,0.0,9.35039526101373e-08,0.0
0.0,3.020163956549775e-08,0.0,0.0,0.0
0.0,1.3121909239421542e-06,0.0,2.7292518456221256e-07,0.0
0.0,2.3209420039362992e-08,0.0,5.547931924174763e-07,0.0
0.0,7.76408590438924e-07,0.0,7.73281309204625e-07,0.0
0.0,0.0,0.0,5.248144198589691e-07,0.0
0.00014338667210548722,4.494698437221254e-06,0.0,4.830941002318364e-06,0.0
0.0,8.227488042171815e-08,0.0,0.0,0.0
0.0,3.5512145968011475e-07,0.0,1.2594625865965655e-06,0.0
0.0,1.4173771569483613e-06,0.0,1.1796617773979654e-06,0.0
0.0,6.350137186562519e-06,0.0,5.884469141661694e-06,0.0
1.8036199019047863e-05,4.2303210432974265e-06,0.0,5.356830088368462e-07,0.0
0.0,2.023773096008353e-07,0.0,1.2835620636563683e-07,0.0
0.0,5.657828844994891e-07,0.0,9.917350743432378e-07,0.0
0.0,1.7917525130161226e-06,0.0,4.969169222252939e-07,0.0
0.0,1.764930050971133e-06,0.0,2.7452296457060963e-06,0.0
0.00030521479782129795,9.812017471076036e-05,0.0,8.040546041018056e-05,3.497309878425793e-05
0.0,7.592035755794838e-05,7.017519257978819e-05,0.00010920460439954447,0.0
0.0,2.404370210250595e-07,0.0,0.0,0.0
0.0,4.812797027200048e-07,0.0,5.297161265803073e-07,0.0
0.0,1.3616887575324868e-06,0.0,0.0,0.0
0.0,1.005807725313934e-06,0.0,1.9382467123721913e-06,0.0
0.0,1.739175262745893e-05,0.0,1.1429803689677148e-05,0.0
0.0,0.0,0.0,0.0,0.0
0.0,3.4758491387533367e-06,0.0,3.7635478388960602e-06,0.0
0.0,2.9217625629315876e-06,0.0,2.284720237166634e-06,0.0
0.0,5.651220760744443e-07,0.0,2.612772183352916e-07,0.0
0.0,2.903190876440574e-07,0.0,0.0,0.0
0.0,7.027249785955879e-07,0.0,6.069858892557214e-07,0.0
0.0,5.621604878556832e-06,0.0,2.7802971450896775e-06,0.0
1.750129751510832e-06,3.627669493450924e-06,0.0,7.463255902357293e-06,0.0
0.0,0.0,0.0,0.0,0.0
0.0012668372543714963,0.0007246342986886986,0.0003271886555807893,0.0007610390118713638,0.00016773845209780766
0.0,5.750707118993739e-07,0.0,2.5418435577025675e-07,0.0
0.0,8.749148490697312e-06,0.0,2.5880274745066324e-05,0.0
0.0,2.909489041257516e-08,0.0,0.0,0.0
0.0,4.128624232776836e-05,0.0,5.645435017805247e-05,0.0
0.0,4.1517577730490103e-08,0.0,0.0,0.0
0.0,2.9475963466210286e-07,0.0,1.008412166093717e-07,0.0
0.0,1.8971354955425009e-07,0.0,2.368241324011499e-06,0.0
0.006038475718935543,0.0013729684247062615,0.00016827087960278347,0.0015156652977948747,0.0013094027825996514
0.0,6.538291545688673e-07,0.0,1.1378098268163365e-06,0.0
0.0,7.91313793424823e-07,0.0,3.0116504354381035e-07,0.0
5.833765834638815e-07,4.02845910607917e-07,0.0,0.0,0.0
0.0,1.7758886910526964e-06,0.0,1.6561886297039744e-06,0.0
0.0,1.428286557803504e-05,0.0,6.546356106424415e-06,0.0
0.0,1.6006193066062394e-06,0.0,2.9941619973359703e-06,0.0
0.0,8.40890010591486e-07,0.0,0.0,0.0
0.0,1.7263177819633683e-05,0.0,1.2634166780214584e-08,0.0
0.0,0.0,0.0,5.948156883757467e-07,0.0
0.0,2.8472066707387236e-17,0.0,0.0,0.0
0.0,1.447237269602263e-06,0.0,2.330385056012773e-06,0.0
0.0,1.3286543175951353e-07,0.0,1.16275285240908e-07,0.0
2.7711147335822236e-05,5.3261831854504346e-06,0.0,5.709172409296822e-06,0.0
0.0,9.220551191977791e-07,0.0,0.0,0.0
0.0,2.722049896994438e-06,0.0,1.5138086263795205e-06,0.0
5.697036950265798e-06,8.699400647008241e-06,0.0,3.429033410834947e-06,0.0
0.0,1.078765817342474e-06,0.0,1.0955334914350316e-05,0.0
0.0,4.999715944092015e-06,0.0,3.771039645588646e-06,0.0
0.0,2.3266811633906186e-06,0.0,2.7430608672808525e-06,0.0
0.00583942634867503,0.0012156728222620548,0.00034103165899333017,0.002223065782604049,0.0004613791965798706
0.0,4.3871573724360584e-08,0.0,1.6998827818935676e-07,0.0
7.000519000820453e-06,1.092233523669785e-06,0.0,2.673013675325325e-06,0.0
8.039658545458835e-06,5.780997427421093e-06,0.0,2.3819955870463577e-06,0.0
0.0007213581852250433,0.0003776249229526098,0.0,0.0003915402919926125,0.0
0.0,0.00017898780359535297,0.0,0.0002452716961339731,0.0
0.0,4.234933470404006e-05,0.0,1.4247356961284202e-05,0.0
0.00036920557173048804,0.0002944629931334754,0.0,0.0002857460909192977,0.0
0.0,1.9488496805163823e-07,0.0,1.258302452768928e-07,0.0
0.0,0.00010205822012187528,0.0,1.5218869811522586e-05,0.0
0.0,1.3661881183561619e-08,0.0,0.0,0.0
0.0,2.430291663887731e-08,0.0,1.4367696171990042e-06,0.0
3.492790686766079e-05,2.5666346964337903e-06,0.0,2.5201447687246943e-06,0.0
0.0,2.130015814895327e-06,0.0,1.7791812999050088e-06,0.0
9.05517767407264e-05,2.7279092888801638e-06,0.0,0.0,0.0
0.0,4.919036160851056e-07,0.0,3.95205620714922e-07,0.0
4.019829273040303e-06,1.3763626737664902e-08,0.0,7.234969237912082e-08,0.0
1.975732415302543e-06,1.2463483365203995e-05,8.529090408044658e-05,6.79657887326236e-06,0.00011255040277230757
0.0,2.836016605696938e-07,0.0,0.0,0.0
0.0,3.782921956471423e-07,0.0,0.0,0.0
0.0,1.6970277251192168e-06,0.0,2.8781047651638914e-06,0.0
0.0,1.6746919064966506e-08,0.0,0.0,0.0
0.0,1.7269617136185126e-08,0.0,0.0,0.0
0.0,1.1113869818379558e-07,0.0,5.3462340100556206e-08,0.0
0.0,1.2709377080592733e-05,0.0,5.7847881264560845e-06,0.0
0.0,5.548838037338905e-05,0.0,6.245007471711201e-05,0.0
0.0,8.883599548734704e-07,0.0,7.445805814577705e-07,0.0
0.0,6.81796193630396e-07,0.0,0.0,0.0
0.0,6.151654324536359e-09,0.0,0.0,0.0
0.0,6.094610618829634e-05,9.854424070148057e-05,6.055864484240575e-05,0.0
0.0,2.7403728797172442e-06,0.0,3.1739383823487268e-06,0.0
0.0,1.3397831409818378e-05,0.0,1.3431666287474058e-06,0.0
0.0,5.150343813235146e-06,0.0,3.3586781078405917e-06,0.0
0.0,4.318921848501672e-07,0.0,0.0,0.0
0.0,1.345572839110099e-06,0.0,6.758184743007585e-07,0.0
0.0,1.2655203242650214e-06,0.0,1.1333904697468354e-06,0.0
0.0,2.746116158102875e-06,0.0,1.7295705452299867e-06,0.0
0.0,5.337396258302404e-06,0.0,9.224751917234455e-06,0.0
4.272777713507651e-06,6.083210573383497e-08,0.0,0.0,0.0
0.0,3.183601865712938e-08,0.0,0.0,0.0
0.0,8.850876758206095e-07,0.0,8.387871433418443e-07,0.0
0.0,6.845328148624502e-05,0.0,0.0001459923526917318,9.330700908372546e-06
0.0,1.0078629356252864e-05,0.0,1.04069928005834e-05,0.0
0.0,2.2429425465743367e-05,0.0,2.125765073811271e-05,0.0
0.0,2.2979766701734897e-07,0.0,1.0127991992575734e-07,0.0
0.00042922843680307866,3.3809997266001375e-05,0.0,6.874783724915733e-05,0.0
0.0,4.5469876261016873e-07,0.0,1.3720527379623524e-06,0.0
0.0,2.428663809718802e-07,0.0,2.457688664638058e-07,0.0
0.0,0.0,0.0,0.0,0.0
4.963258592101415e-06,2.7657740570647334e-05,0.0,2.6594091679196522e-05,0.0
0.0,4.240865172385809e-06,0.0,1.0815460821183053e-06,0.0
0.0,9.945927786976538e-09,0.0,3.3835479895258606e-07,0.0
0.0,6.138744911661292e-07,0.0,0.0,0.0
0.0,1.0179630151341114e-06,0.0,1.2538294047922398e-07,0.0
0.0,5.554122450288287e-07,0.0,1.4347985112747299e-06,0.0
0.0,3.2573440210503926e-06,0.0,0.0,0.0
0.0,2.8425101463928127e-05,0.0,1.9205755787007888e-05,0.0
0.0,3.3694148256130425e-07,0.0,2.8732625832721814e-07,0.0
0.0,1.6517970640504283e-06,0.0,4.812297369249973e-07,0.0
0.0,2.1753171410427192e-06,0.0,1.1463025793866581e-06,0.0
0.0,2.2944899324928471e-07,0.0,2.6063893177046193e-07,0.0
0.0,3.234685352920226e-07,0.0,9.086352398119222e-08,0.0
0.0,0.0,0.0,4.929511906128542e-07,0.0
0.0,5.600229488237982e-08,0.0,9.860280350379004e-07,0.0
0.0,1.8785667393293409e-06,0.0,1.8044035182050051e-06,0.0
0.0,8.207422377318937e-09,0.0,0.0,0.0
0.0,7.102417637715448e-07,0.0,0.0,0.0
0.0,6.940490267312014e-07,0.0,5.935266846606766e-07,0.0
0.0,1.884914694286952e-06,0.0,6.456558829257509e-08,0.0
0.0,4.127727656051427e-06,0.0,1.301897967568001e-05,0.0
0.0,6.740098061515224e-08,0.0,0.0,0.0
0.0,6.781197794662756e-09,0.0,0.0,0.0
0.00016415977794722496,9.541963153624084e-06,0.0,1.1371770144976752e-06,0.0
0.0,0.0,0.0,0.0,0.0
0.0,7.439513882140291e-06,0.0,4.4328559044244606e-06,0.0
0.0,2.786417378597987e-06,0.0,1.830202348944475e-07,0.0
0.0,6.924610271404226e-09,0.0,2.6238065881134837e-06,0.0
2.6471168257012287e-05,3.281845159039187e-05,0.0,3.155028760966445e-05,0.0
0.0,2.2209960249923907e-07,0.0,0.0,0.0
0.0,3.490066606120824e-07,0.0,7.222510662801095e-07,0.0
0.0,1.6573753348848922e-06,0.0,0.0,0.0
0.0,4.616845897804469e-05,0.0,3.0051449702776093e-05,0.0
0.0,7.021764486295719e-06,0.0,7.671529318179603e-07,0.0
0.0,1.3100368419818955e-07,0.0,8.12638142264174e-08,0.0
4.272777709528316e-06,1.6814910074830968e-05,0.0,7.746971955953078e-06,0.0
0.0,4.92340523493241e-07,0.0,5.486654163105888e-08,0.0
0.0,2.6583259113737867e-08,0.0,0.0,0.0
0.0,4.143062655709687e-05,0.0,4.770521547945129e-05,0.0
0.0,1.5924199200845975e-05,0.0,6.4426314858528755e-06,0.0
0.0,8.431288444859822e-07,0.0,1.80254783951656e-06,0.0
0.0,9.157716965982576e-07,0.0,4.13328027970217e-08,0.0
0.0,8.591433467310014e-06,0.0,4.221739486454507e-06,0.0
0.0,8.915246947930358e-07,0.0,6.770270468101501e-09,0.0
4.375324381264164e-07,6.22315228113712e-07,0.0,0.0,0.0
0.0,4.9751649104296965e-08,0.0,0.0,0.0
0.0,9.932437093229566e-05,0.0,0.00010561142675228431,0.0
0.0011416873444716194,2.298157611133239e-05,0.0,1.4722819996058883e-06,0.0
0.0,8.923236060717623e-07,0.0,0.0,0.0
0.0,0.00023209782978225044,0.0003729649043698164,0.00019422728021983445,0.0003537940187796693
0.0,0.0003478135084542105,0.00013828425491900696,0.0004844355761162842,3.822449356041607e-05
0.0,1.3367665541479e-06,0.0,8.865815600644841e-07,0.0
0.0,1.3011414703538487e-06,0.0,3.875081351244979e-08,0.0
0.0,1.2230841940689561e-06,0.0,2.8609232020219295e-07,0.0
0.0,5.231673058681789e-06,0.0,1.4868350475606827e-06,0.0
0.0,0.00019289072343287502,0.0,0.00019404496628690408,0.0
0.0,2.8185976130830553e-07,0.0,0.0,0.0
0.0,1.4482072818087934e-06,0.0,0.0,0.0
0.0,0.0017217573216692342,0.0020628311691799797,0.001902680128939121,0.0019203239761357296
0.0019282144464661845,0.0005313402610443212,0.00039884001119701204,0.0005467910487317951,0.00027071997356521417
0.0,2.015158348593977e-07,0.0,2.033633294305198e-07,0.0
0.0,5.536854443409593e-07,0.0,5.554489230952162e-07,0.0
0.0,4.249428961806954e-06,0.0,2.01035225966321e-06,0.0
0.0009880823860219784,6.081594202459963e-05,0.0,9.602382863595491e-05,0.0
0.0,1.424808336543684e-07,0.0,1.2197216724191563e-07,0.0
0.0,6.946819165608255e-08,0.0,0.0,0.0
0.0,7.264540689808236e-07,0.0,2.5180838556103984e-07,0.0
0.0,3.194042289223698e-06,0.0,0.0,0.0
0.0,5.431483820171124e-06,0.0,2.7152478372265085e-06,0.0
0.0,7.400688447065565e-06,0.0,8.365873819609131e-06,0.0
0.0,2.9100322180119426e-06,0.0,1.0923321114907798e-06,0.0
0.0,8.690061047259143e-06,0.0,9.62784187189716e-06,0.0
0.0,6.070562297102178e-08,0.0,5.072764354912713e-07,0.0
0.0,2.2026314259701583e-06,0.0,0.0,0.0
0.0,1.846338834174777e-05,0.0,2.24577988960528e-05,0.0
0.0,2.729684832955089e-06,0.0,2.912978998104562e-06,0.0
0.0,9.336105690371118e-06,0.0,1.3115238286754991e-06,0.0
0.0,1.0624423896146471e-05,0.0,7.5444101330175975e-06,0.0
0.0,1.2648883654987281e-06,0.0,5.857787404391656e-06,2.1686874534989014e-05
0.0,6.30773011214839e-07,0.0,1.366184239560184e-07,0.0
3.966277125102299e-06,5.70548706164193e-07,0.0,0.0,0.0
0.0,3.2672606688721787e-07,0.0,0.0,0.0
0.0,3.307494937222375e-05,0.0,8.447055753850164e-06,0.0
0.0,0.0,0.0,0.0,0.0
0.0,6.765628123529981e-06,0.0,1.8260221550895093e-06,0.0
0.0,1.8190998899797823e-06,0.00022496356510810718,0.0,1.5347803827891054e-05
0.00016481368382750437,7.983544672976312e-06,0.0,5.1549065247575845e-06,0.0
0.0,1.4484813469272725e-06,0.0,0.0,0.0
0.0,1.6190110503061843e-05,0.0,6.402265686792235e-05,0.0
0.0012125899288112402,0.00034013416010560647,0.0,0.0003073744222565447,0.0
0.0,8.952694142086348e-07,0.0,2.326340982756233e-08,0.0
2.8805358233046325e-05,8.731216169036838e-07,0.0,1.3273941617369204e-05,0.0
0.0,1.271131316025022e-06,0.0,3.6825198579751114e-06,0.0
0.0,1.9330619100601484e-07,0.0,8.823301687226954e-08,0.0
2.413264853304606e-06,1.922962259872409e-05,0.0,2.7265587320283774e-05,0.0
0.0,6.292394134653712e-05,0.0,2.8877609940385747e-05,0.0
0.0,7.818156870220438e-08,0.0,3.442600549510641e-07,0.0
0.0,8.273296492011147e-09,0.0,0.0,0.0
0.0,1.587436288271149e-05,0.0,4.437663591177988e-06,0.0
0.0,3.999086950148655e-07,0.0,0.0,0.0
0.0,2.2711502148455226e-05,0.0,1.3438083323852125e-05,0.0
7.461251889194217e-16,2.6555935553811457e-07,0.0,0.0,0.0
0.0,6.467528027467709e-08,0.0,0.0,0.0
2.1067642642774828e-06,1.5191374350021808e-06,0.0,5.176504049331249e-07,0.0
0.0,3.2998823400880025e-17,0.0,0.0,0.0
0.0,1.190550215180805e-05,0.0,5.148648984364657e-07,0.0
0.0,1.9445853874432613e-07,0.0,5.390810999903503e-08,0.0
0.0,6.223452405089206e-07,0.0,0.0,0.0
0.0,1.8950313805515788e-07,0.0,1.299510795502878e-07,0.0
0.0,8.799052373683892e-07,0.0,3.6103410650279703e-07,0.0
0.0,1.8811822147528538e-06,0.0,2.4272620043059172e-06,0.0
0.0,7.264152059517372e-07,0.0,1.1315683101345627e-06,0.0
0.0,4.172709435057118e-07,0.0,4.069799556242888e-07,0.0
0.0,1.779672149931333e-05,0.0,0.0,0.0
0.0,6.3892554005525594e-18,0.0,7.048570001135737e-08,0.0
0.0,3.3273575418596856e-06,0.0,7.373325498661923e-07,0.0
0.0,0.00013091836062986188,0.0,0.00015505945209405095,0.0
0.0,2.2121752548604487e-06,0.0,4.399933686064008e-06,0.0
0.0,8.693831104877735e-05,0.0,5.3922166615887255e-05,0.0
0.0,1.4913045891104406e-06,0.0,1.4208602249520857e-06,0.0
0.0,3.0487514725297283e-07,0.0,1.7043444397426955e-07,0.0
0.0,6.755667084750361e-09,0.0,6.835525554761087e-09,0.0
0.00010710448459046747,0.0002673209767213212,0.0,0.00023510490474941368,2.825627329811236e-05
0.0,1.0746890619801707e-06,0.0,8.083904871485772e-09,0.0
0.0,1.3284601334220087e-06,0.0,0.0,0.0
0.0,1.9931722773527913e-06,0.0,8.530839452153727e-07,0.0
0.0,3.1271187705968374e-06,0.0,3.5855939975607783e-06,0.0
0.0,8.918998753664133e-05,0.0,8.746753486843625e-05,0.0
0.0,0.0004528347018937725,0.0,0.0003852778263400652,0.0
0.0,5.833798864182862e-07,0.0,2.9098727738099114e-07,0.0
0.0003459497553259206,0.00012670020208090644,0.0,0.0001132772392121672,0.0
0.0,5.474254378123291e-06,0.0,4.960125018902739e-06,0.0
0.0,3.7814097898950164e-07,0.0,1.7119854087383177e-07,0.0
0.0,2.227533938236283e-07,0.0,0.0,0.0
0.0,5.9965624140635424e-06,0.0,1.0259131179818643e-05,0.0
6.822515986127964e-05,3.5127567096410756e-05,0.0,3.107085762464419e-05,0.0
0.0,1.3833255832561717e-06,0.0,2.1543698251870475e-06,0.0
0.0,5.902051352615675e-06,0.0,1.1657157067741275e-06,0.0
0.0,2.2147450626198794e-06,0.0,2.8571436199110984e-06,0.0
0.0,2.661934698549817e-06,0.0,6.779136232916046e-07,0.0
0.0,7.38341945517299e-07,0.0,9.540443688069134e-08,0.0
0.00032645641442599936,5.836168469336375e-05,0.0,3.384753068108015e-05,0.0
0.0,7.114981963352464e-07,0.0,1.4434714850009887e-06,0.0
0.0,0.0013376450835987112,0.0016731437218053963,0.001148863475003223,0.000871399630102212
0.0,1.0815321747736167e-07,0.0,1.5451919848285114e-07,0.0
0.0,0.00011504728339490882,0.0,0.0001029817794873477,1.1802308421679028e-05
0.0,7.045001441769569e-08,0.0,7.103787836185946e-08,0.0
0.0,9.540170728621963e-07,0.0,1.894309802110863e-08,0.0
0.0,4.1729318064966066e-07,0.0,2.5667119186613656e-06,0.0
0.0,1.4065962992524837e-05,0.0,0.0,0.0
0.0,2.0446365954212886e-07,0.0,0.0,0.0
0.0,1.8452084826435236e-07,0.0,0.0,0.0
0.0,2.949990732922832e-05,0.0,2.2722818445922173e-05,0.0
0.0,4.816248200465366e-07,0.0,1.7406190054540364e-07,0.0
0.0,1.1586114889933186e-05,0.0,1.1549708800719197e-05,0.0
0.0,0.00040323588506495904,0.0,0.0003886018874288409,0.0
0.0,3.3947628307292074e-06,0.0,3.352285854424014e-06,0.0
0.0,1.8036991684282333e-07,0.0,0.0,0.0
0.0,3.6649046134713684e-07,0.0,5.248172304636364e-07,0.0
0.0,1.7589155496528888e-07,0.0,2.1627617618579596e-07,0.0
0.0,2.4063825245530115e-07,0.0,0.0,0.0
0.0,5.922692790070744e-07,0.0,1.927920634236846e-07,0.0
1.7501297511377693e-06,1.728113195140275e-05,0.0,1.5354817762968695e-05,0.0
0.0,1.3303844874657128e-07,0.0,6.754499599654656e-07,0.0
0.0,4.228026588779019e-06,0.0,2.3836942599392284e-06,0.0
1.9757324146807723e-06,2.906146674682811e-05,0.0,1.616260304323858e-05,0.0
0.0,2.0569003268842637e-06,0.0,3.506184469161266e-08,0.0
0.0,2.0799013899329579e-07,0.0,0.0,0.0
1.9757324148051265e-06,2.5805309346105484e-06,0.0,3.4539991064712123e-06,0.0
0.0,8.898990021639922e-08,0.0,1.9666706390681263e-07,0.0
0.0,6.024223324610933e-07,0.0,0.0,0.0
0.0,4.309814842883576e-06,0.0,1.3494674638084502e-06,0.0
0.0,2.4638641355234423e-08,0.0,0.0,0.0
0.0,7.501768234235345e-08,0.0,0.0,0.0
0.0,2.1716842623830503e-05,0.0,1.1518265845847984e-05,0.0
0.0,1.5816512490372895e-06,0.0,1.3814423996556996e-06,0.0
0.0,7.674552735757028e-07,0.0,3.659586769570513e-07,0.0
0.0,1.4793379244116825e-06,0.0,1.0582267229078726e-06,0.0
0.0,6.46451959087444e-08,0.0,5.254900132260714e-07,0.0
0.0,3.9861213630556477e-07,0.0,0.0,0.0
0.0,0.000156159737912924,0.0,0.0002698710636199142,7.954935935994577e-05
0.0,3.124495794484838e-05,0.0,1.488889309163176e-05,0.0
0.0,1.1851420135990492e-06,0.0,1.0528425535483763e-06,0.0
0.0,8.465191652666256e-05,0.002383877382620717,8.463915740423339e-05,0.0006202343196057328
0.0,2.2861675348841e-08,0.0,1.6944509247126325e-07,0.0
0.0,5.40950904306766e-07,0.0,5.360172947331742e-07,0.0
0.0,5.575930576266054e-06,0.0,4.954349126785689e-06,0.0
0.0,4.495786515325976e-06,0.0,1.5114821791033246e-06,0.0
0.0,8.330128494083128e-07,0.0,7.223394544438311e-08,0.0
0.0,4.279351238529718e-06,0.0,5.340858018254171e-07,0.0
0.0,1.0474733670325472e-06,0.0,1.0042444913215825e-05,0.0
0.0,2.4280491174151017e-06,0.0,1.606219768088616e-06,0.0
0.0,1.232892379404258e-06,0.0,0.0,0.0
0.0,8.173769553891579e-07,0.0,5.222018374740896e-07,0.0
5.537519917336641e-07,1.0622005762404327e-05,0.0,8.24046677151049e-06,0.0
1.7593426744924756e-05,2.024857644015504e-06,0.0,1.8048405744897179e-06,0.0
0.0,2.9718363520088517e-06,0.0,2.6799448372976252e-06,0.0
0.0,2.615070872780998e-06,0.0,1.1394329405492486e-07,0.0
0.0,1.3889589157730754e-06,0.0,2.611608133036818e-06,0.0
0.0,5.788495933897656e-07,0.0,0.0,0.0
0.0,6.153865126609464e-07,0.0,2.5274199524900816e-07,0.0
0.0,1.8189902148334264e-08,0.0,0.0,0.0
0.0,5.694100699025272e-09,0.0,0.0,0.0
0.0,3.755731544960602e-07,0.0,3.253062035239098e-07,0.0
0.0,2.1023886059620022e-08,0.0,0.0,0.0
0.0,3.169601363421987e-07,0.0,7.631214787969607e-08,0.0
0.0,0.00038117947760387257,0.0004348095426553582,0.0003834098150786963,0.0004109213619140649
0.0,2.8973446419229168e-06,0.0,2.585164970338499e-06,0.0
0.0027846028072449724,0.002674764475775983,0.002648155536623248,0.0027499466828594184,0.0026869292099056166
0.0,7.328846790519607e-07,0.0,0.0,0.0
0.0,1.2822582225435979e-06,0.0,1.4136005274148755e-07,0.0
0.0,5.907176758291857e-07,0.0,0.0,0.0
0.0,2.16298455218978e-06,0.0,1.6721858798111105e-06,0.0
0.0,4.595569103794281e-05,0.0,3.0168094984911958e-05,0.0
0.0,1.0929894235334714e-08,0.0,0.0,0.0
0.0,1.4039927322198973e-17,0.0,4.588582749461857e-08,0.0
0.0,5.02870417041808e-06,0.0,5.6731814151214546e-06,0.0
0.0,4.794734359768108e-07,0.0,0.0,0.0
2.704953143730827e-06,2.1541769552291423e-06,0.0,4.619780510535671e-06,0.0
0.00041569430435912605,6.237142486398562e-05,0.0,5.941653452422066e-05,7.87261423416404e-05
0.0,8.488971902648214e-08,0.0,6.307601973613955e-09,0.0
0.0,1.0590592142875459e-06,0.0,2.1252002148088498e-07,0.0
0.0,3.293679632017551e-07,0.0,0.0,0.0
0.0,2.1430019901933436e-06,0.0,4.5706355749315274e-06,0.0
0.0,3.720350450147645e-08,0.0,0.0,0.0
3.7632998378940014e-05,3.004902400154425e-05,0.0,1.4924864272898598e-05,0.0
0.0,1.632887054619382e-06,0.0,1.9852135113772728e-06,0.0
0.00037372669796634087,1.6061663172630906e-05,0.0,3.468807354546897e-05,0.0
0.0,1.3773325214602708e-06,0.0,6.493742287777938e-07,0.0
0.0,5.489700210071821e-07,0.0,8.960773327939502e-07,0.0
0.0,0.000616410516723016,0.002206362245299308,0.00040117479660779776,0.0008609972280614552
0.0,5.049081794205773e-07,0.0,0.0,0.0
0.0,4.847553913843586e-08,0.0,7.89355278920806e-09,0.0
0.0,2.8546481007743243e-05,0.0,2.9745739708869404e-05,0.0
0.0,4.4110157724513674e-07,0.0,1.8719056826083842e-08,0.0
0.0005374718874105826,0.0006088703755074406,0.0003700464603381527,0.000622500816380097,0.00040167247560545796
0.0,3.995547953458087e-07,0.0,9.469660385761761e-08,0.0
0.0,4.182097300445275e-07,0.0,0.0,0.0
0.0,1.1622945815086432e-05,0.0,1.1286076835366977e-05,0.0
0.0,2.0271798106498324e-07,0.0,0.0,0.0
0.0,8.92721388787205e-07,0.0,4.7531303241909335e-07,0.0
0.0,9.770380045041904e-06,0.0,9.781666246396662e-06,0.0
0.0,4.7360247168414626e-07,0.0,2.2245160373104052e-07,0.0
0.0,4.6256217225414125e-07,0.0,5.717598564846515e-07,0.0
0.0,2.078414903839323e-06,0.0,2.9171604279110575e-06,0.0
6.562986576248643e-07,2.9617275406872145e-07,0.0,0.0,0.0
0.0,2.4701985764405008e-06,0.0,8.256398843087941e-07,0.0
0.0,1.7253222182366652e-07,0.0,1.7087011879642432e-07,0.0
0.0,1.5702819293065302e-06,0.0,1.216348076094663e-06,0.0
0.00037736008138447493,0.00010360179561149479,0.00015737382511409688,0.00010166074558710846,0.00011458787872014731
0.0,1.865290637414316e-06,7.565080244517514e-05,0.0,0.0
0.0,6.909593044682557e-05,0.0,7.79010929184028e-05,9.277908683063348e-05
0.0,1.8107549899608922e-06,0.0,1.6243937673950672e-06,0.0
0.0,5.794909134471869e-06,0.0,1.3752202010204432e-06,0.0
0.0,3.418257153762701e-07,0.0,1.5053585502406923e-07,0.0
7.444887888089945e-06,1.5857116381772598e-06,0.0,3.4589541033125666e-07,0.0
2.1663940855300182e-05,2.98522829182498e-05,0.0,5.0315901260779835e-05,0.0
0.0,1.7257559761434144e-06,0.0,1.9616365081078606e-06,0.0
0.0,1.9790049049137028e-05,0.0,1.3853883949182098e-05,0.0
0.0,5.00928318285992e-06,0.0,5.298561846366149e-07,0.0
0.0,8.198818962526973e-07,0.0,7.015122579417056e-07,0.0
0.0,0.00010884803157475831,0.0,0.00012733851885777053,0.0
0.0,3.5112553052572866e-07,0.0,0.0,0.0
0.0,3.044202172946828e-07,0.0,3.205790805764669e-07,0.0
0.0,3.6565909845541076e-08,0.0,1.1956989375554205e-07,0.0
4.204686727894099e-05,3.154304035569395e-06,0.0,4.295434103995421e-07,0.0
0.0,1.2369674691857658e-06,0.0,4.6938582681398436e-07,0.0
0.0,4.380750274007173e-06,0.0,0.0,0.0
0.0,7.983913859706694e-07,0.0,2.90860051566447e-07,0.0
3.4385687314893446e-05,4.061358494065919e-06,0.0,3.9035160711088034e-06,0.0
0.0,2.964978748869363e-06,0.0,8.076950380877544e-07,0.0
0.0,2.815290692109752e-06,0.0,0.0,0.0
0.0,0.0002393624071632658,0.0,0.0001162989101918577,0.0
0.0,2.2521982601141053e-06,0.0,2.334698972748891e-06,0.0
0.0,0.0,0.0,9.666936001799615e-07,0.0
0.0,4.6347450785611875e-07,0.0,0.0,0.0
0.0,8.579100488300305e-06,0.0,8.078975983048266e-06,0.0
0.0,1.1053585189004978e-06,0.0,1.3044066032787178e-06,0.0
0.0008647030145872825,9.560170378167516e-05,0.00053755673762366,9.464297251620077e-05,0.00050437209373106
0.0,2.6358578850110227e-08,0.0,8.97742472393211e-08,0.0
0.0,4.367728578166132e-07,0.0,6.193357859396415e-07,0.0
0.0,2.908958810710655e-08,0.0,0.0,0.0
0.0,9.099697338836124e-06,0.0,2.2154640877506742e-05,0.0
0.0,1.0391020350592466e-06,0.0,1.256962031035733e-07,0.0
0.0,6.972269450887285e-07,0.0,5.203907030939455e-08,0.0
0.0,1.0841359049466672e-06,0.0,3.219594581850273e-06,0.0
0.0,2.5869494493210437e-05,0.0,5.188003444208424e-05,0.0
0.0,2.597201715665453e-07,0.0,0.0,0.0
0.0,1.057710944476286e-07,0.0,1.4434877130150236e-07,0.0
0.003393258854731823,0.0018093074164845422,0.0022417294462260813,0.0017663669280758101,0.0018593520829061933
0.0007594424791852324,0.0005272818415598942,0.00040583917806855633,0.0005186416569282492,0.00040416628264271334
0.0,0.0008317677370371472,0.0,0.0002987398965013994,0.0
0.0,3.819636469061718e-06,0.0,5.784392154873225e-06,0.0
0.0,5.415220819648752e-07,0.0,4.5371884903045737e-07,0.0
0.0,2.162475290099603e-07,0.0,1.9540873495744317e-06,0.0
0.0,5.102137030260326e-07,0.0,1.2054916657277727e-06,0.0
5.537519922310808e-07,0.0007683191406645229,0.0,0.000301402255612844,3.1616149313224053e-06
0.0,8.521339526278322e-07,0.0,0.0,0.0
0.0,5.113426848164509e-06,0.0,3.006647122111903e-06,0.0
0.0,4.257695029160383e-06,0.0,1.709077825962271e-06,0.0
1.11673318308292e-05,3.934963978090385e-06,0.0,9.713801965873216e-06,0.0
0.0,2.038368247462224e-06,0.0,1.937238698470879e-06,0.0
0.0,1.4569593844423598e-06,0.0,0.0,0.0
0.0,1.9271702527896774e-06,0.0,0.0,0.0
0.0,8.85524371730501e-07,0.0,3.7585753143643514e-08,0.0
0.0,1.5604988241698833e-07,0.0,0.0,0.0
0.0,9.3984917516219e-05,0.0,6.14723060783768e-05,0.0
0.0,2.0911285066912287e-07,0.0,2.961264726786625e-07,0.0
0.0,4.443480541993679e-06,0.0,3.9410363884090495e-06,0.0
0.0,1.0919561181530207e-06,0.0,2.843920787050139e-06,0.0
0.0,5.351265814115512e-07,0.0,7.047789278267883e-07,0.0
0.0,1.9146146887105613e-07,0.0,0.0,0.0
0.0,7.36105579439988e-07,0.0,7.306212627400624e-08,0.0
0.0,1.911806787481831e-06,0.0,1.2834309777872368e-06,0.0
0.0,2.219555472850738e-05,0.0,1.2779888125251788e-05,0.0
0.0,1.3702840403250962e-17,0.0,0.0,0.0
0.0,1.4351128595285782e-06,0.0,1.137726532255123e-06,0.0
0.0,7.612365939252332e-18,0.0,0.0,0.0
0.0,1.0982896263272026e-07,0.0,5.523850068120601e-07,0.0
0.0,5.52055894286511e-07,0.0,6.988533173931647e-07,0.0
0.0,2.372376654429825e-06,0.0,0.0,0.0
0.0,1.7893273637816778e-06,0.0,1.2676791384927566e-06,0.0
0.0,0.0,0.0,0.0,0.0
0.0,4.377603713677718e-06,0.0,3.743680380405403e-06,0.0
0.0,1.1187602790813226e-06,0.0,1.1957232753858604e-06,0.0
0.0,0.0,0.0,1.0999257225827503e-08,0.0
1.1667531673008255e-06,5.4097444400274664e-09,0.0,0.0,0.0
4.37532437877708e-07,2.7281943022863534e-07,0.0,3.7303921992216796e-08,0.0
1.1191877833791328e-15,2.9982995439206336e-06,0.0,3.02558137748535e-06,0.0
0.0,2.2683325972801595e-06,0.0,8.886975320720641e-06,0.0
0.0,7.157577667420151e-08,0.0,2.3791020130121112e-07,0.0
0.0,9.403470202592604e-08,0.0,3.3259494415500484e-08,0.0
0.0,7.440938878459932e-05,0.00034329904876898915,0.00012941883534737074,0.0003008855677358787
0.0,1.3147572196938587e-06,0.0,9.600833144318023e-07,0.0
0.0,5.808172115065233e-07,0.0,3.085708372533243e-07,0.0
0.0,1.2227889226908615e-07,0.0,3.097350022364762e-07,0.0
0.0,3.036234479954402e-07,0.0,0.0,0.0
0.0,1.4395398879932256e-06,0.0,1.366302834278245e-08,0.0
0.0,0.0,0.0,8.555709290784438e-09,0.0
0.0,1.944235658706803e-06,0.0,5.414659289596744e-07,0.0
0.0,9.459200051174259e-07,0.0,0.0,0.0
5.537519917336641e-07,8.392754544197714e-06,0.0,8.275959673285198e-06,0.0
0.0,3.849198023043721e-07,0.0,3.418478134397435e-07,0.0
0.0,2.3533495988825708e-07,0.0,0.0,0.0
0.0,6.784351211721418e-07,0.0,3.8469447667637e-06,0.0
0.0,2.2277147404867093e-06,0.0,6.812777492800551e-06,0.0
0.0,3.28597859844921e-05,0.0,8.160572013548581e-06,0.0
0.0,3.265386212661594e-05,0.0007749489926277847,0.0001391774413671064,0.0006965441358661452
0.0,6.5383232561194285e-06,0.0,6.1008456910234365e-06,0.0
0.0,5.886950111297202e-09,0.0,0.0,0.0
0.0,5.175782611054602e-07,0.0,3.36995264357091e-07,0.0
2.5201868425436863e-05,1.535628314410494e-06,0.0,0.0,0.0
0.0,2.0478370040225514e-07,0.0,0.0,0.0
0.0,2.356558427069093e-06,0.0,3.137942794332381e-06,0.0
0.0,4.4101656527793684e-18,0.0,1.1455899152416986e-06,0.0
0.0,2.0094300838305727e-06,0.0,7.164598724869589e-07,0.0
0.0,7.680387913260839e-07,0.0,2.076012530625444e-06,0.0
0.0,3.84052482619848e-07,0.0,1.36284088132627e-07,0.0
0.0,1.8324418272720204e-05,0.0,3.743324627218675e-06,0.0
0.0003175284011631916,1.4076094583282369e-05,0.0,7.0540198833495815e-06,0.0
4.3753243738029124e-07,1.9928218027130963e-08,0.0,0.0,0.0
0.0,3.2410000059106107e-06,0.0,2.635684157041994e-06,0.0
0.0,0.0003579847383470359,0.0006014360602620403,0.00028023662353096206,0.0006355753043874231
0.0,4.442045077910219e-06,0.0,3.91113147704952e-06,0.0
2.27881478042964e-05,0.00010204366732884402,0.0005675059589950427,6.626952046182709e-05,0.0008759665246190384
0.0,1.1563994025605236e-17,0.0,0.0,0.0
0.0,4.5574414788408225e-05,0.0,2.123892595550813e-05,0.0
0.0,1.8315786686352053e-06,0.0,1.3262826592055465e-06,0.0
0.0,7.137504196932413e-05,0.0,7.642769562810245e-05,0.0
0.0,4.0006635048291614e-07,0.0,1.436101376504816e-07,0.0
0.0,1.8881851200411226e-07,0.0,0.0,0.0
5.833765834638815e-07,0.00015924662444753297,0.0,0.00010340220627609051,0.0
0.0,2.0804606858076043e-07,0.0,0.0,0.0
0.0,5.658900318539489e-06,0.0,4.04326614115783e-06,0.0
0.0,1.385700329162623e-06,0.0,9.722019631947663e-07,0.0
0.0,2.3861416507467618e-08,0.0,0.0,0.0
1.9757324139346472e-06,4.185029564484238e-05,0.0,4.719252191545054e-05,0.0
0.0,2.0723564813162277e-06,0.0,6.106629314036826e-07,0.0
0.0,1.986162039290678e-07,0.0,0.0,0.0
0.0,0.0005090154607123217,8.08106519267775e-05,0.0004584844658467458,0.0
0.0,4.084268337081522e-08,0.0,5.998164468809086e-07,0.0
0.0,7.30778290700987e-06,0.0,1.0284548515913766e-05,0.0
0.0,3.591785735391179e-17,0.0,9.115102273773244e-08,0.0
0.0,6.91931558200113e-07,0.0,9.366309565880097e-07,0.0
0.0,1.4420087176654487e-05,0.0,1.8675219197873257e-06,0.0
0.0,1.6426700378882075e-07,0.0,2.1922634893968266e-06,0.0
0.0,2.3676684837724923e-06,0.0,4.296135175287862e-06,0.0
0.0,5.3734080130185105e-05,0.0,3.6789357388825554e-05,0.0
0.0,1.9680452278960277e-05,0.0,1.629688911889225e-05,7.16745066727515e-05
0.0,4.1786137907351814e-05,0.0,3.592863874863913e-05,0.0
0.0,8.563059896187472e-07,0.0,0.0,0.0
0.0,9.25115484926931e-08,0.0,8.265199637889722e-09,0.0
0.0,1.0359265060318174e-06,0.0,6.473542543763142e-07,0.0
0.0,6.375782275690922e-08,0.0,0.0,0.0
0.0,0.00017015550983553784,0.0,0.00016368965743560892,0.0
0.0,4.3794133115552645e-07,0.0,4.616033582295058e-07,0.0
5.383699920178622e-06,0.0002350564487786846,0.0,0.00016482583788269482,0.0
1.6951799305938634e-05,2.4022974551074745e-05,0.0,1.714288150570431e-05,0.0
4.537382960793556e-05,0.00011552633206734581,0.0,2.7831725702830682e-05,0.00012642040680544553
5.722103914199842e-05,0.00035276073053828376,0.00016779257181291754,0.00019828341283312904,0.0001733322881786767
0.0,1.2304173496659878e-07,0.0,7.171620785509784e-08,0.0
0.0,1.2093800380477786e-06,0.0,1.0344398731870542e-06,0.0
0.0,2.7748868967149032e-06,0.0,1.5389989325439052e-06,0.0
5.5124529526067294e-06,0.0009704941031860241,0.0,0.0004545402144994831,0.0005730574417921804
0.0,2.737680628207899e-07,0.0,0.0,0.0
0.0,4.068968489027597e-06,0.0,1.0700367994859671e-07,0.0
0.0,6.382397483545883e-07,0.0,1.1044239175862578e-07,0.0
1.8668050686015419e-06,0.00017248835101125952,0.0,6.870431435146231e-05,0.0
0.001378135587178953,0.0006340680582577184,0.0,0.0005426726940006325,0.0
0.0014994741240154476,0.0002001394137053703,0.0,0.00017121865621304416,6.979975905905736e-07
5.833765837125898e-07,7.6092620625156855e-06,0.0,6.09641818160795e-06,0.0
0.0,3.019487245084236e-08,0.0,0.0,0.0
0.0,8.578469191746762e-07,0.0,0.0,0.0
4.3753243874818736e-07,3.426148953718902e-06,0.0,7.016772657776703e-08,0.0
9.15868339428456e-05,8.044600579313621e-06,0.0,1.5536122283949095e-05,0.0
0.0,1.007459576224037e-05,0.0,4.0045848997585105e-06,0.0
0.0004916114471829283,1.0865095122317295e-06,0.0,1.428522067161988e-07,0.0
0.0,1.6237915368557248e-07,0.0,0.0,0.0
0.0007320015674348691,0.0007833258770138776,0.00023682884504627698,0.0006291019330976912,0.00018029659847651662
7.461251889194217e-16,8.061704212851345e-05,0.0,5.0914681187528206e-05,0.0
0.0006035532366686826,0.0005316322725908532,0.0,0.0004381749071312482,3.664604982902622e-05
2.083432707908873e-05,0.00047514447152465785,1.8938764650496096e-05,0.0003376256050045839,0.0
0.0,1.0871650191769158e-05,0.0,6.339767900845141e-06,0.0
7.051370088128696e-05,8.437590854157494e-05,0.0,8.193906625686867e-05,2.345397498361363e-07
0.0015889472352755393,0.0010025101374463775,0.0019205472639775073,0.0007743052110534671,0.00134925196539285
3.8101783166203255e-06,0.00044238464580604914,6.188983477128457e-05,0.0003360607599446372,0.0
0.00018453313822110244,0.0003016345155684755,0.0,0.00021390137517877033,1.8195115214662932e-05
7.000519006789454e-07,1.322353075939783e-05,0.0,2.207658690637138e-05,0.0
0.0025843023284919243,0.00028840974942190604,9.730904939578759e-08,0.00027858317850472717,6.402328938285658e-05
0.0003981636337147563,0.0010065375018206155,0.0,0.0012362039367489113,0.0
0.0009047717005325048,0.00023946265306138732,1.57783840311569e-05,0.00013511177862318347,0.0
0.0002093661079618749,0.00011695090795450936,0.0,0.00018308005272314078,0.0
0.00010680394689156463,0.00042576399568753216,0.0,0.000307242673976924,0.0001344096757484295
2.84851847575467e-06,0.0005229015873673047,0.0,0.000342202367539798,0.0
