Modelo,Total_Cup_Points,Prediccion
SVR,82.75,81.55291835706561
SVR,83.58,81.83642833518063
SVR,82.25,82.63217692220647
SVR,80.83,82.21234449103997
SVR,79.67,82.43667839439094
SVR,81.08,82.41624018693578
SVR,83.08,83.49044349368705
SVR,82.67,82.84872519642381
SVR,81.67,82.10476134174719
SVR,85.33,83.84236877667962
SVR,82.25,82.1879135816577
SVR,79.92,82.17937440841602
SVR,82.33,82.65623906661703
SVR,83.17,82.44429634237684
SVR,81.25,82.23134956742753
SVR,86.08,84.6121508759227
SVR,85.5,82.81709191762151
SVR,82.33,82.10492444284048
SVR,82.42,81.9180534784693
SVR,83.5,82.97889349570248
SVR,83.25,81.9235683808163
SVR,81.17,82.83186135543693
SVR,80.67,81.82138179061901
SVR,85.0,84.44246228601543
SVR,83.08,83.64915331025138
SVR,83.92,82.12434208960569
SVR,78.58,82.19561862396938
SVR,84.17,82.24791931629622
SVR,81.83,82.70830009032487
SVR,83.58,83.94196899264338
SVR,76.5,81.57934906559353
SVR,83.42,82.66713099838302
SVR,82.08,83.8586087920595
SVR,81.83,81.94912671479956
SVR,82.67,82.52242135408272
SVR,85.58,83.48342805408427
SVR,81.42,83.72155011501161
SVR,82.17,82.58560374800088
SVR,83.17,83.26388880658766
SVR,83.0,83.57984940359765
SVR,85.33,83.30645056123801
SVR,81.58,82.9561045506741
SVR,83.75,82.11069279518013
SVR,82.5,82.33003014087349
SVR,79.5,81.77701837495415
SVR,80.08,81.20279125348868
SVR,80.67,82.50830722928553
SVR,84.25,82.60885609136676
SVR,80.83,82.19957264671469
SVR,81.5,82.3829265097754
SVR,84.25,82.53052100205609
SVR,82.83,82.83107250297158
SVR,79.83,80.58987155685898
SVR,80.42,81.3243419232889
SVR,83.0,83.1156314140918
SVR,87.08,84.99534250646516
SVR,81.08,81.9431049884153
SVR,75.17,81.41864880409905
SVR,82.5,81.72384831428415
SVR,86.0,83.37464390707046
SVR,82.67,83.04636153310362
SVR,86.08,82.89906598673474
SVR,84.25,83.78144629523632
SVR,79.33,83.10505453866932
SVR,82.0,82.68418722448241
SVR,84.33,82.84920307937985
SVR,81.92,81.4981053738713
SVR,82.0,82.46740805488416
SVR,83.5,81.34637438566321
SVR,82.58,81.4134384686054
SVR,82.08,83.71506735253743
SVR,79.92,81.80281199895003
SVR,83.92,82.45995241222266
SVR,82.92,82.62950298128008
SVR,81.5,81.86258390397624
SVR,81.42,82.92515468720612
SVR,80.17,81.53390604488506
SVR,80.25,82.66812242757555
SVR,83.08,82.00495834429609
SVR,81.83,83.62153545258677
SVR,81.17,81.37841911633309
SVR,83.25,80.51033543162546
SVR,81.0,82.73302050732781
SVR,81.83,82.25220756981413
SVR,86.42,82.45078558900106
SVR,82.33,81.87651311039893
SVR,74.92,79.90954662639136
SVR,82.67,84.03299087498246
SVR,85.33,86.53054386939431
SVR,82.0,83.57773025971031
SVR,82.42,83.66098715065358
SVR,79.67,82.06553377627104
SVR,82.75,83.67202446112474
SVR,83.33,83.1156314140918
SVR,83.83,82.43424402255732
SVR,84.08,82.28673214199735
SVR,81.83,82.0288109019924
SVR,84.0,83.0191513088305
SVR,83.25,83.35490013900241
SVR,84.0,82.01009228786009
SVR,84.83,82.109308280946
SVR,81.0,82.5897063538719
SVR,84.0,82.85602428309038
SVR,83.25,83.63054449510932
SVR,84.13,83.23484526560556
SVR,81.75,81.9305720523721
SVR,82.67,83.48760834277992
SVR,83.33,83.59514163195873
SVR,84.25,82.96711632334686
SVR,83.33,81.99920519443428
SVR,84.0,81.90276947961584
SVR,82.83,81.21209229176841
SVR,82.33,83.64853651086844
SVR,85.83,82.97510154884972
SVR,76.33,81.52893151831661
SVR,82.33,81.63285033425021
SVR,82.75,82.97144516316492
SVR,75.5,80.41627818829154
SVR,82.67,81.59446391851083
SVR,81.83,82.16871998516056
SVR,83.0,83.68622081209791
SVR,81.08,81.52173229194379
SVR,86.0,84.30445754156509
SVR,83.17,82.35818150614288
SVR,83.17,83.05960755900877
SVR,82.92,82.96672114870927
SVR,85.17,82.98510228809386
SVR,80.67,83.00826335857145
SVR,84.75,82.17877600644684
SVR,84.0,82.39020208775896
SVR,80.75,82.80031393019
SVR,80.58,81.89899983835933
SVR,74.0,79.18937658373781
SVR,82.25,82.21491270856446
SVR,82.0,81.80247144273322
SVR,82.33,81.97579690017224
SVR,84.67,83.09341207700867
SVR,83.42,83.3970621754979
SVR,83.83,83.4700679018991
SVR,82.08,80.82248097489331
SVR,80.58,83.1156314140918
SVR,83.17,82.85324706725767
SVR,79.75,80.93090520676691
SVR,80.25,80.47568498647173
SVR,80.92,81.758949747414
SVR,80.0,81.0020370117279
SVR,79.42,80.91417529424709
SVR,86.58,82.92493909784787
SVR,82.83,81.95545982786207
SVR,83.0,82.56199796995661
SVR,86.5,83.48481291263712
SVR,83.67,82.51977824118853
SVR,83.83,82.43942348554877
SVR,83.33,82.81242576494522
SVR,84.17,84.86311074353176
SVR,85.42,82.49863765548243
SVR,82.92,81.71095230148971
SVR,84.08,84.04874905902568
SVR,83.5,82.67448324371499
SVR,81.5,81.38395512889483
SVR,78.75,80.47403205052589
SVR,83.92,82.10480738188357
SVR,82.0,82.35818150614288
SVR,83.58,82.6994082258589
SVR,82.92,83.73539227725838
SVR,86.0,84.01425413386602
SVR,84.92,82.1465779438688
SVR,84.58,82.98670157606013
SVR,83.17,81.82744380760465
SVR,82.0,80.96362163695345
SVR,81.67,82.05577637425954
SVR,84.17,81.95597895803246
SVR,82.17,83.64998308649446
SVR,73.5,82.3631240060658
SVR,78.5,80.89691450319893
SVR,81.08,85.17739360921587
SVR,84.92,83.00418679604155
SVR,80.25,81.72338991553774
SVR,80.75,81.20346079806309
SVR,80.75,81.87215758672126
SVR,81.33,83.57984940359765
SVR,78.0,81.21652106756065
SVR,79.0,82.19458440603199
SVR,83.58,83.36306837251432
SVR,82.0,82.92245194604736
SVR,83.42,82.35576682220507
SVR,84.17,82.13291894201242
SVR,78.75,82.33081202563638
SVR,79.75,81.58587926074658
SVR,83.0,82.72665719719909
SVR,84.5,82.8079281785579
SVR,83.08,82.28778234496333
SVR,82.5,82.52049583609079
SVR,83.08,83.46140275609402
SVR,83.25,83.13111757525243
SVR,82.17,81.90304752194025
SVR,82.92,82.73799827755137
SVR,84.42,83.73961961639816
SVR,80.67,82.52320006637298
SVR,81.92,82.23869503389432
SVR,83.5,82.06945676880824
SVR,80.25,82.19623308461334
SVR,85.92,83.4532482362293
SVR,80.33,82.06922741318178
SVR,83.08,83.67172289081911
SVR,82.33,82.06412419862838
SVR,85.83,85.25251568040848
SVR,82.42,80.84217160848786
SVR,84.5,82.90281679760466
SVR,84.92,82.40627597150598
SVR,79.08,82.51540001793211
SVR,82.08,83.02149009304922
SVR,82.75,81.66777677526136
SVR,82.67,82.74516140249366
SVR,83.5,83.08981072892973
SVR,82.25,83.38244128495745
SVR,82.42,83.03305284108598
SVR,83.08,83.11574014927358
SVR,82.67,81.85811152300808
SVR,80.25,82.5814345907695
SVR,77.83,82.25811521487663
SVR,82.33,82.12393266146248
SVR,82.58,82.52902519995433
SVR,76.75,81.42407100326483
SVR,79.75,81.69813297279931
SVR,77.33,81.23589374266528
SVR,81.25,82.14010558849363
SVR,82.75,82.21769883252703
SVR,80.5,81.83636623766408
SVR,81.67,82.52317787836859
SVR,79.0,80.70923980088419
SVR,81.5,82.56309792737622
SVR,83.42,84.35930190854363
SVR,82.75,82.84557968278521
SVR,80.58,82.91858993208096
SVR,80.5,81.10234034240578
SVR,81.67,82.57214841149435
SVR,84.5,82.42626876677129
SVR,81.5,82.24145590240379
SVR,78.58,81.91106048048965
SVR,83.25,84.05842243886596
SVR,83.75,81.9147386795548
SVR,81.08,81.61011908921645
SVR,84.25,80.83687513111732
SVR,81.83,82.40421834577208
SVR,83.75,82.55968362231135
SVR,84.67,81.75725804017976
SVR,81.67,82.55968362231135
SVR,83.5,83.09729895855493
SVR,82.92,84.03299087498246
SVR,82.75,81.76018856836649
SVR,80.25,81.71907103430735
SVR,82.42,82.66447360269805
SVR,83.75,80.71299295940373
SVR,84.25,83.78068304719558
SVR,82.25,81.78070141276244
SVR,81.92,82.68432884982654
SVR,83.83,82.54157849726117
SVR,88.08,86.26318621791168
SVR,84.58,84.64495063948276
CatBoost,82.75,81.05959307947802
CatBoost,83.58,81.84412163425688
CatBoost,82.25,82.20184730143808
CatBoost,80.83,81.48211872069052
CatBoost,79.67,81.84135377815072
CatBoost,81.08,82.93626627177427
CatBoost,83.08,83.24719429523213
CatBoost,82.67,82.47351287768284
CatBoost,81.67,81.88973322176253
CatBoost,85.33,83.75285254902356
CatBoost,82.25,82.40290466021216
CatBoost,79.92,80.96753368127051
CatBoost,82.33,81.43532388190386
CatBoost,83.17,82.65861885402408
CatBoost,81.25,82.41338631863643
CatBoost,86.08,84.30623763407688
CatBoost,85.5,82.27943440433735
CatBoost,82.33,82.2349311871262
CatBoost,82.42,81.52150735492195
CatBoost,83.5,83.02343529002805
CatBoost,83.25,81.44701989845814
CatBoost,81.17,82.52513832293735
CatBoost,80.67,81.3158978008974
CatBoost,85.0,83.94448921230348
CatBoost,83.08,83.18960409138747
CatBoost,83.92,81.58966821849351
CatBoost,78.58,81.79519089122618
CatBoost,84.17,80.31891949903297
CatBoost,81.83,82.54581681407979
CatBoost,83.58,83.42826172014433
CatBoost,76.5,81.50883012870118
CatBoost,83.42,82.28119786310546
CatBoost,82.08,83.57490908914697
CatBoost,81.83,82.17702172206539
CatBoost,82.67,81.78479398173123
CatBoost,85.58,83.1182017275767
CatBoost,81.42,83.55781153776297
CatBoost,82.17,82.1294430403756
CatBoost,83.17,83.07060945867256
CatBoost,83.0,83.30656763675015
CatBoost,85.33,83.1625811394082
CatBoost,81.58,83.14006681768812
CatBoost,83.75,79.7322302922276
CatBoost,82.5,82.66030970655247
CatBoost,79.5,81.66685600160226
CatBoost,80.08,81.64513104927471
CatBoost,80.67,82.21653768325004
CatBoost,84.25,83.00764526764962
CatBoost,80.83,81.79348676195626
CatBoost,81.5,82.61063959907621
CatBoost,84.25,82.4127171475051
CatBoost,82.83,82.95915863655866
CatBoost,79.83,78.90094213339823
CatBoost,80.42,82.60140041855149
CatBoost,83.0,82.84059926139811
CatBoost,87.08,86.90796252548347
CatBoost,81.08,81.69490023064797
CatBoost,75.17,80.28020457441652
CatBoost,82.5,81.09600200055664
CatBoost,86.0,82.73756110838443
CatBoost,82.67,83.19150515435065
CatBoost,86.08,82.69040188121484
CatBoost,84.25,83.86020671908523
CatBoost,79.33,82.72281469969866
CatBoost,82.0,82.84397511183475
CatBoost,84.33,82.63513219096437
CatBoost,81.92,81.36254641586845
CatBoost,82.0,82.9980801062343
CatBoost,83.5,80.61790353218261
CatBoost,82.58,80.91256126041996
CatBoost,82.08,83.08627168834965
CatBoost,79.92,80.38262561985741
CatBoost,83.92,81.10524191186218
CatBoost,82.92,82.31078291741946
CatBoost,81.5,81.131338828587
CatBoost,81.42,82.61332100097157
CatBoost,80.17,81.190465438091
CatBoost,80.25,82.88772080546782
CatBoost,83.08,81.39083066609847
CatBoost,81.83,83.14747268055395
CatBoost,81.17,80.93368792547868
CatBoost,83.25,79.5937867821342
CatBoost,81.0,82.37461821626827
CatBoost,81.83,82.38593560333702
CatBoost,86.42,82.91455062037306
CatBoost,82.33,80.94598744382753
CatBoost,74.92,79.19961630359994
CatBoost,82.67,83.96060755689732
CatBoost,85.33,85.56604454302921
CatBoost,82.0,83.12423225001747
CatBoost,82.42,83.97896677697415
CatBoost,79.67,80.5456174151564
CatBoost,82.75,83.74296256185667
CatBoost,83.33,82.84059926139811
CatBoost,83.83,81.7009791871772
CatBoost,84.08,81.93267744934478
CatBoost,81.83,81.70139511360128
CatBoost,84.0,83.04507392327272
CatBoost,83.25,82.86815506404146
CatBoost,84.0,81.92215263774828
CatBoost,84.83,81.79610045593274
CatBoost,81.0,82.66619922873889
CatBoost,84.0,82.57960148929264
CatBoost,83.25,83.07027109860293
CatBoost,84.13,83.20679795037927
CatBoost,81.75,81.56745559496721
CatBoost,82.67,82.97762155630876
CatBoost,83.33,83.1244849613724
CatBoost,84.25,82.67656934425699
CatBoost,83.33,81.72374768402608
CatBoost,84.0,81.66993940277864
CatBoost,82.83,81.60642970235479
CatBoost,82.33,83.28475808844124
CatBoost,85.83,82.7167568496999
CatBoost,76.33,81.02352294887297
CatBoost,82.33,81.52522753142908
CatBoost,82.75,82.55606795749759
CatBoost,75.5,79.36287632667705
CatBoost,82.67,81.19381516528527
CatBoost,81.83,82.19769702320592
CatBoost,83.0,82.84463022967839
CatBoost,81.08,81.22049649440716
CatBoost,86.0,84.21828406162516
CatBoost,83.17,82.57006688182967
CatBoost,83.17,82.985379269939
CatBoost,82.92,82.95806655709315
CatBoost,85.17,82.83462301398073
CatBoost,80.67,82.68676518708848
CatBoost,84.75,81.99587681020641
CatBoost,84.0,80.91678576053026
CatBoost,80.75,82.57604753286468
CatBoost,80.58,82.10590103700082
CatBoost,74.0,78.18329070176232
CatBoost,82.25,82.591381932282
CatBoost,82.0,81.08749642876106
CatBoost,82.33,81.54690000941764
CatBoost,84.67,82.62479505304775
CatBoost,83.42,82.8550759561726
CatBoost,83.83,83.20089835110625
CatBoost,82.08,80.17278160492364
CatBoost,80.58,82.84059926139811
CatBoost,83.17,82.69265443931029
CatBoost,79.75,80.49151751699381
CatBoost,80.25,79.02522956323092
CatBoost,80.92,81.4998740907688
CatBoost,80.0,79.86914689418133
CatBoost,79.42,80.12375851877533
CatBoost,86.58,82.51706332965
CatBoost,82.83,81.96846751070123
CatBoost,83.0,82.13089161978326
CatBoost,86.5,83.49164244017715
CatBoost,83.67,82.67839489077892
CatBoost,83.83,81.76541171303928
CatBoost,83.33,82.86293532295313
CatBoost,84.17,85.47908778700342
CatBoost,85.42,82.96647205265504
CatBoost,82.92,80.26784971097013
CatBoost,84.08,83.25809475833506
CatBoost,83.5,82.55240003414845
CatBoost,81.5,81.93909386650833
CatBoost,78.75,79.39220757602936
CatBoost,83.92,81.79014855670253
CatBoost,82.0,82.57006688182967
CatBoost,83.58,83.05607737091631
CatBoost,82.92,83.68496230674297
CatBoost,86.0,83.81217504613356
CatBoost,84.92,82.57823998772956
CatBoost,84.58,82.50889297294664
CatBoost,83.17,81.63841109117581
CatBoost,82.0,82.04912184480104
CatBoost,81.67,81.85239516671378
CatBoost,84.17,82.15369142271726
CatBoost,82.17,83.67381567622252
CatBoost,73.5,82.5829141252238
CatBoost,78.5,80.16109797849457
CatBoost,81.08,85.40831935723594
CatBoost,84.92,83.2659379580504
CatBoost,80.25,80.5880975605963
CatBoost,80.75,79.86132564297155
CatBoost,80.75,82.4041291844707
CatBoost,81.33,83.30656763675015
CatBoost,78.0,81.2614984756881
CatBoost,79.0,81.06157398916856
CatBoost,83.58,83.50393481149648
CatBoost,82.0,82.57416845703138
CatBoost,83.42,82.28491810196623
CatBoost,84.17,82.03242831969
CatBoost,78.75,81.91695033242641
CatBoost,79.75,80.49698447903599
CatBoost,83.0,82.64905334900686
CatBoost,84.5,82.51365594798268
CatBoost,83.08,82.8974268924244
CatBoost,82.5,81.73186417458847
CatBoost,83.08,83.50529968000842
CatBoost,83.25,83.11957163899132
CatBoost,82.17,82.46590472020584
CatBoost,82.92,81.91313260055237
CatBoost,84.42,83.35220146000239
CatBoost,80.67,82.41138650545724
CatBoost,81.92,81.94524488573967
CatBoost,83.5,81.55237910082461
CatBoost,80.25,82.07078384866867
CatBoost,85.92,83.3247817381821
CatBoost,80.33,81.99987293314481
CatBoost,83.08,82.78572234571948
CatBoost,82.33,81.73734399759672
CatBoost,85.83,85.17290696570831
CatBoost,82.42,79.82095264626886
CatBoost,84.5,82.3500643482435
CatBoost,84.92,82.76810719964229
CatBoost,79.08,81.6960724008372
CatBoost,82.08,82.89392680204554
CatBoost,82.75,81.01663653817923
CatBoost,82.67,82.13483097650811
CatBoost,83.5,83.06291166731407
CatBoost,82.25,82.91290622872567
CatBoost,82.42,83.099904204776
CatBoost,83.08,82.53967640116406
CatBoost,82.67,82.38624420981422
CatBoost,80.25,82.32127717609976
CatBoost,77.83,82.4720809790338
CatBoost,82.33,81.16649247422666
CatBoost,82.58,82.4189487411016
CatBoost,76.75,81.04363113432159
CatBoost,79.75,81.34946325865144
CatBoost,77.33,80.16630460089871
CatBoost,81.25,82.10558183843067
CatBoost,82.75,82.48884345418944
CatBoost,80.5,81.66344426547995
CatBoost,81.67,82.31813684065771
CatBoost,79.0,77.64598434598939
CatBoost,81.5,82.25674222149996
CatBoost,83.42,84.03392813927745
CatBoost,82.75,82.51382524486272
CatBoost,80.58,82.40566368727964
CatBoost,80.5,80.58906037335208
CatBoost,81.67,82.31322581164035
CatBoost,84.5,82.22268210685
CatBoost,81.5,81.73510565879621
CatBoost,78.58,81.26698324534054
CatBoost,83.25,83.94187527179251
CatBoost,83.75,81.38189814415178
CatBoost,81.08,78.93799710551427
CatBoost,84.25,81.02149963991027
CatBoost,81.83,81.18770757875411
CatBoost,83.75,82.12825239340012
CatBoost,84.67,80.99637725445845
CatBoost,81.67,82.12825239340012
CatBoost,83.5,83.16318059467862
CatBoost,82.92,83.96060755689732
CatBoost,82.75,81.37034868752515
CatBoost,80.25,82.16196322261993
CatBoost,82.42,82.83476708367867
CatBoost,83.75,80.65974853653734
CatBoost,84.25,83.50106079957364
CatBoost,82.25,81.70982171883917
CatBoost,81.92,82.8758627042867
CatBoost,83.83,82.62212359200136
CatBoost,88.08,85.74875664985485
CatBoost,84.58,84.14252073506358
LinearRegression,82.75,80.57630277549661
LinearRegression,83.58,81.80822481856083
LinearRegression,82.25,82.5324112744791
LinearRegression,80.83,82.32756455576546
LinearRegression,79.67,83.01599644001607
LinearRegression,81.08,85.49651294608222
LinearRegression,83.08,82.87145770169542
LinearRegression,82.67,82.37108096622484
LinearRegression,81.67,82.15072571029442
LinearRegression,85.33,83.63446807063052
LinearRegression,82.25,81.64608233719862
LinearRegression,79.92,80.49972887636348
LinearRegression,82.33,81.21401472959755
LinearRegression,83.17,82.414572562529
LinearRegression,81.25,81.97577555081392
LinearRegression,86.08,84.43655678111097
LinearRegression,85.5,81.32503630451562
LinearRegression,82.33,82.28488781864185
LinearRegression,82.42,80.42585438771033
LinearRegression,83.5,83.26594916134452
LinearRegression,83.25,81.485179288765
LinearRegression,81.17,82.28692135408403
LinearRegression,80.67,81.32778713416042
LinearRegression,85.0,84.38145869783658
LinearRegression,83.08,82.97337685831081
LinearRegression,83.92,82.40358758610724
LinearRegression,78.58,81.90208324962538
LinearRegression,84.17,80.42796693716438
LinearRegression,81.83,82.74345534010041
LinearRegression,83.58,83.72170669641886
LinearRegression,76.5,81.10498394354777
LinearRegression,83.42,83.21092624994077
LinearRegression,82.08,83.30503376536812
LinearRegression,81.83,81.73830502141267
LinearRegression,82.67,81.30667164495324
LinearRegression,85.58,83.92653751270205
LinearRegression,81.42,83.66971067270802
LinearRegression,82.17,82.12663754218153
LinearRegression,83.17,83.7858397061316
LinearRegression,83.0,83.5918083714327
LinearRegression,85.33,82.87252992583679
LinearRegression,81.58,83.13267649073765
LinearRegression,83.75,81.80194285405116
LinearRegression,82.5,81.87736865574875
LinearRegression,79.5,81.60538374110968
LinearRegression,80.08,81.6834475643673
LinearRegression,80.67,82.80427835338864
LinearRegression,84.25,83.0139571928099
LinearRegression,80.83,81.38149260056026
LinearRegression,81.5,81.8894412968722
LinearRegression,84.25,82.37039321275525
LinearRegression,82.83,83.14043117675716
LinearRegression,79.83,80.87518304442091
LinearRegression,80.42,80.96217711504325
LinearRegression,83.0,82.94978185581029
LinearRegression,87.08,85.45113073650776
LinearRegression,81.08,81.57975489800411
LinearRegression,75.17,78.16982883894136
LinearRegression,82.5,81.19400467385148
LinearRegression,86.0,82.48058385702068
LinearRegression,82.67,83.46572926979167
LinearRegression,86.08,82.62950517472233
LinearRegression,84.25,84.01211089637478
LinearRegression,79.33,82.2932243783506
LinearRegression,82.0,83.11523034306131
LinearRegression,84.33,83.30066988941262
LinearRegression,81.92,80.83971225479681
LinearRegression,82.0,82.96213455466977
LinearRegression,83.5,80.71769285675354
LinearRegression,82.58,80.33157769908074
LinearRegression,82.08,82.88269655022422
LinearRegression,79.92,81.30168612501379
LinearRegression,83.92,81.89026693511204
LinearRegression,82.92,82.92644786658263
LinearRegression,81.5,81.50018945700226
LinearRegression,81.42,83.15650123773952
LinearRegression,80.17,81.00134038178032
LinearRegression,80.25,83.03054629781687
LinearRegression,83.08,81.30408861962754
LinearRegression,81.83,83.48594317681469
LinearRegression,81.17,81.15249156375204
LinearRegression,83.25,80.52859916764135
LinearRegression,81.0,82.36231328350704
LinearRegression,81.83,82.70975006901133
LinearRegression,86.42,82.2632661660063
LinearRegression,82.33,81.3994582817768
LinearRegression,74.92,78.5418114414739
LinearRegression,82.67,84.28923747893131
LinearRegression,85.33,86.17332798156491
LinearRegression,82.0,83.22204379083347
LinearRegression,82.42,83.86784165647455
LinearRegression,79.67,81.43300087466208
LinearRegression,82.75,83.79576183984089
LinearRegression,83.33,82.94978185581029
LinearRegression,83.83,81.75332751203256
LinearRegression,84.08,81.4750660842908
LinearRegression,81.83,81.45240387789985
LinearRegression,84.0,83.31433616918817
LinearRegression,83.25,83.06946220018557
LinearRegression,84.0,81.60235197381029
LinearRegression,84.83,81.69146268617354
LinearRegression,81.0,82.78166361483107
LinearRegression,84.0,82.30809976780371
LinearRegression,83.25,83.14771629088266
LinearRegression,84.13,82.84435345982806
LinearRegression,81.75,82.02329878892198
LinearRegression,82.67,83.08814445324609
LinearRegression,83.33,83.32793276891505
LinearRegression,84.25,83.85712844030176
LinearRegression,83.33,81.23771098884981
LinearRegression,84.0,81.14778845171466
LinearRegression,82.83,81.42284016023883
LinearRegression,82.33,83.47362306789796
LinearRegression,85.83,83.79832337368596
LinearRegression,76.33,81.00641196325921
LinearRegression,82.33,81.43437165197044
LinearRegression,82.75,82.2308736061977
LinearRegression,75.5,79.7023755159638
LinearRegression,82.67,81.60920629181723
LinearRegression,81.83,81.86312119621311
LinearRegression,83.0,83.36452535311473
LinearRegression,81.08,81.1155691756182
LinearRegression,86.0,85.01204723867723
LinearRegression,83.17,82.68490723430087
LinearRegression,83.17,83.11608550240057
LinearRegression,82.92,82.36063990003464
LinearRegression,85.17,82.62539378767461
LinearRegression,80.67,82.93662030090972
LinearRegression,84.75,82.62017672628615
LinearRegression,84.0,82.57942889507147
LinearRegression,80.75,82.57001987817269
LinearRegression,80.58,81.75412469162494
LinearRegression,74.0,78.58991182961509
LinearRegression,82.25,83.01854499445597
LinearRegression,82.0,81.64179043715176
LinearRegression,82.33,82.26353234042357
LinearRegression,84.67,83.26991862218013
LinearRegression,83.42,82.93568039804876
LinearRegression,83.83,83.56430337598454
LinearRegression,82.08,79.63476682495258
LinearRegression,80.58,82.94978185581029
LinearRegression,83.17,82.2691843711517
LinearRegression,79.75,79.6043670252695
LinearRegression,80.25,78.09604663610135
LinearRegression,80.92,81.46579972007571
LinearRegression,80.0,79.85152410877589
LinearRegression,79.42,81.17644162571834
LinearRegression,86.58,82.71428224598745
LinearRegression,82.83,81.30778619178531
LinearRegression,83.0,82.12039867947185
LinearRegression,86.5,83.20221989793858
LinearRegression,83.67,82.973268047903
LinearRegression,83.83,82.22750847970124
LinearRegression,83.33,82.15099906761695
LinearRegression,84.17,86.60639948550808
LinearRegression,85.42,83.9062448085689
LinearRegression,82.92,81.29224980576828
LinearRegression,84.08,84.55846574262848
LinearRegression,83.5,82.45896043414749
LinearRegression,81.5,81.71103332051433
LinearRegression,78.75,80.59966615248175
LinearRegression,83.92,81.22999159195952
LinearRegression,82.0,82.68490723430087
LinearRegression,83.58,83.70023190762788
LinearRegression,82.92,84.3218820147002
LinearRegression,86.0,83.84120142755887
LinearRegression,84.92,82.69190297388727
LinearRegression,84.58,82.6747485729033
LinearRegression,83.17,81.06085873449469
LinearRegression,82.0,80.19519741940564
LinearRegression,81.67,81.47410266803399
LinearRegression,84.17,82.51991059816508
LinearRegression,82.17,83.9100478541821
LinearRegression,73.5,82.4724586259994
LinearRegression,78.5,80.17712841236136
LinearRegression,81.08,85.61995081179491
LinearRegression,84.92,83.24216247813729
LinearRegression,80.25,81.29232464861656
LinearRegression,80.75,80.62405115889494
LinearRegression,80.75,81.76463038412507
LinearRegression,81.33,83.5918083714327
LinearRegression,78.0,81.40358036012081
LinearRegression,79.0,81.08880076863124
LinearRegression,83.58,83.6865079398986
LinearRegression,82.0,82.18834937379546
LinearRegression,83.42,82.8277548797562
LinearRegression,84.17,82.32729487017455
LinearRegression,78.75,82.12632645469637
LinearRegression,79.75,80.95763406678199
LinearRegression,83.0,83.28029100458104
LinearRegression,84.5,83.00407123974416
LinearRegression,83.08,82.35519415840709
LinearRegression,82.5,81.53147469980698
LinearRegression,83.08,82.78606448179892
LinearRegression,83.25,83.25787651218992
LinearRegression,82.17,81.8168098329489
LinearRegression,82.92,81.63532592404394
LinearRegression,84.42,83.24115175002201
LinearRegression,80.67,82.8748072876812
LinearRegression,81.92,83.05222670494538
LinearRegression,83.5,81.89419217341586
LinearRegression,80.25,82.29992465641027
LinearRegression,85.92,84.00852674065577
LinearRegression,80.33,81.90662086836964
LinearRegression,83.08,83.1677175247261
LinearRegression,82.33,81.83573882831978
LinearRegression,85.83,85.56083905805534
LinearRegression,82.42,79.82009604067062
LinearRegression,84.5,82.62024431200018
LinearRegression,84.92,82.33746705924499
LinearRegression,79.08,82.27617978107591
LinearRegression,82.08,82.49031310005671
LinearRegression,82.75,81.11278532447844
LinearRegression,82.67,82.12876379903217
LinearRegression,83.5,83.39165897249886
LinearRegression,82.25,82.36674562332497
LinearRegression,82.42,82.37623705680883
LinearRegression,83.08,81.98468471727257
LinearRegression,82.67,82.08531425597353
LinearRegression,80.25,82.19958926561914
LinearRegression,77.83,82.48869955972421
LinearRegression,82.33,81.38545326840752
LinearRegression,82.58,82.56181191345729
LinearRegression,76.75,82.03588822725362
LinearRegression,79.75,81.59233940874307
LinearRegression,77.33,81.41281223278783
LinearRegression,81.25,82.29212607802317
LinearRegression,82.75,82.01196560606269
LinearRegression,80.5,80.73792278808499
LinearRegression,81.67,82.78363988875115
LinearRegression,79.0,78.50884175625578
LinearRegression,81.5,83.05197711310645
LinearRegression,83.42,84.21406123380403
LinearRegression,82.75,82.80398984983127
LinearRegression,80.58,82.88228815604148
LinearRegression,80.5,81.30251860145506
LinearRegression,81.67,82.38613483991311
LinearRegression,84.5,82.63319519081111
LinearRegression,81.5,81.91758790857715
LinearRegression,78.58,81.69392403506686
LinearRegression,83.25,84.17495146459011
LinearRegression,83.75,81.9671627998231
LinearRegression,81.08,81.43672757007491
LinearRegression,84.25,81.28083613372472
LinearRegression,81.83,81.41138786327987
LinearRegression,83.75,82.11977479320089
LinearRegression,84.67,81.42635911444899
LinearRegression,81.67,82.11977479320089
LinearRegression,83.5,83.37996110491822
LinearRegression,82.92,84.28923747893131
LinearRegression,82.75,81.38845758062163
LinearRegression,80.25,81.48655977100707
LinearRegression,82.42,82.99706704498514
LinearRegression,83.75,80.76202399312925
LinearRegression,84.25,83.29658821525427
LinearRegression,82.25,81.31201157097462
LinearRegression,81.92,82.14118114508517
LinearRegression,83.83,83.41292073973018
LinearRegression,88.08,86.20982368348164
LinearRegression,84.58,85.01061990716633
Voting_Ensemble,82.75,81.26444015826304
Voting_Ensemble,83.58,81.91675581977084
Voting_Ensemble,82.25,82.1038002426562
Voting_Ensemble,80.83,81.86739566844183
Voting_Ensemble,79.67,81.47960009330409
Voting_Ensemble,81.08,82.57336273143709
Voting_Ensemble,83.08,83.12350579185062
Voting_Ensemble,82.67,82.27862690891995
Voting_Ensemble,81.67,82.46876660410908
Voting_Ensemble,85.33,83.4859588282974
Voting_Ensemble,82.25,82.17097113753813
Voting_Ensemble,79.92,81.26278142709218
Voting_Ensemble,82.33,82.11252771212294
Voting_Ensemble,83.17,82.30304412095035
Voting_Ensemble,81.25,82.16437116893383
Voting_Ensemble,86.08,84.30494287335328
Voting_Ensemble,85.5,81.97523487269247
Voting_Ensemble,82.33,81.90639955475041
Voting_Ensemble,82.42,81.09337247277925
Voting_Ensemble,83.5,83.14261923334989
Voting_Ensemble,83.25,81.20115142813499
Voting_Ensemble,81.17,82.96065471662301
Voting_Ensemble,80.67,81.46229229432846
Voting_Ensemble,85.0,83.26595462902594
Voting_Ensemble,83.08,83.46881700771779
Voting_Ensemble,83.92,81.92309575998324
Voting_Ensemble,78.58,81.2743590522105
Voting_Ensemble,84.17,79.29832219555887
Voting_Ensemble,81.83,82.35237570161915
Voting_Ensemble,83.58,83.6819867594693
Voting_Ensemble,76.5,81.94622863500813
Voting_Ensemble,83.42,82.11709132626646
Voting_Ensemble,82.08,84.05754503613419
Voting_Ensemble,81.83,81.5266204687512
Voting_Ensemble,82.67,81.54508885024761
Voting_Ensemble,85.58,83.18583593710926
Voting_Ensemble,81.42,83.48088888765756
Voting_Ensemble,82.17,81.98771200315468
Voting_Ensemble,83.17,83.43632055538713
Voting_Ensemble,83.0,83.3510221745372
Voting_Ensemble,85.33,83.4733813968757
Voting_Ensemble,81.58,83.329046178535
Voting_Ensemble,83.75,80.4007948283175
Voting_Ensemble,82.5,82.93845828898107
Voting_Ensemble,79.5,80.95152824194004
Voting_Ensemble,80.08,81.65341101976811
Voting_Ensemble,80.67,81.76437376655302
Voting_Ensemble,84.25,83.2463101308147
Voting_Ensemble,80.83,81.86130601345033
Voting_Ensemble,81.5,82.79623057182324
Voting_Ensemble,84.25,82.7220147449966
Voting_Ensemble,82.83,83.06984583318497
Voting_Ensemble,79.83,77.49764958295773
Voting_Ensemble,80.42,82.1569440945921
Voting_Ensemble,83.0,82.9605253008087
Voting_Ensemble,87.08,86.98665042947084
Voting_Ensemble,81.08,81.76303841079545
Voting_Ensemble,75.17,79.80879654960702
Voting_Ensemble,82.5,80.91317491934934
Voting_Ensemble,86.0,82.26430635562961
Voting_Ensemble,82.67,82.8860208097557
Voting_Ensemble,86.08,82.68806309165795
Voting_Ensemble,84.25,84.3247772035786
Voting_Ensemble,79.33,83.52513885506907
Voting_Ensemble,82.0,82.8042005802486
Voting_Ensemble,84.33,83.32309922736675
Voting_Ensemble,81.92,81.79047709495457
Voting_Ensemble,82.0,83.11589250942517
Voting_Ensemble,83.5,80.5306747089641
Voting_Ensemble,82.58,80.20156761977108
Voting_Ensemble,82.08,83.48736727549901
Voting_Ensemble,79.92,80.06266649651066
Voting_Ensemble,83.92,81.39397964459603
Voting_Ensemble,82.92,82.18068630066263
Voting_Ensemble,81.5,81.36250267543143
Voting_Ensemble,81.42,82.66721764006702
Voting_Ensemble,80.17,80.8750710944889
Voting_Ensemble,80.25,82.62212529564236
Voting_Ensemble,83.08,80.86852856066703
Voting_Ensemble,81.83,83.27579683357517
Voting_Ensemble,81.17,80.58957358162728
Voting_Ensemble,83.25,79.17735562985547
Voting_Ensemble,81.0,82.51918557880605
Voting_Ensemble,81.83,82.43646522280316
Voting_Ensemble,86.42,83.30558092709764
Voting_Ensemble,82.33,80.27622880660856
Voting_Ensemble,74.92,78.999097609194
Voting_Ensemble,82.67,83.63658618758043
Voting_Ensemble,85.33,84.87997412026466
Voting_Ensemble,82.0,83.176018765665
Voting_Ensemble,82.42,84.48029940934441
Voting_Ensemble,79.67,80.60885376580745
Voting_Ensemble,82.75,83.59277328874822
Voting_Ensemble,83.33,82.9605253008087
Voting_Ensemble,83.83,81.48882872986049
Voting_Ensemble,84.08,81.91934835134636
Voting_Ensemble,81.83,81.87449385043331
Voting_Ensemble,84.0,83.17232282687974
Voting_Ensemble,83.25,82.87928127269316
Voting_Ensemble,84.0,81.67452137656517
Voting_Ensemble,84.83,81.78567897024634
Voting_Ensemble,81.0,82.79091867941263
Voting_Ensemble,84.0,82.29716701892659
Voting_Ensemble,83.25,82.85973156730253
Voting_Ensemble,84.13,82.74454673863413
Voting_Ensemble,81.75,82.04222399487276
Voting_Ensemble,82.67,82.8039063816318
Voting_Ensemble,83.33,83.34678112778232
Voting_Ensemble,84.25,82.63177711341469
Voting_Ensemble,83.33,82.22100971436798
Voting_Ensemble,84.0,83.18804547601177
Voting_Ensemble,82.83,81.63188200754021
Voting_Ensemble,82.33,83.12350592870824
Voting_Ensemble,85.83,83.16652404857565
Voting_Ensemble,76.33,80.24489963652292
Voting_Ensemble,82.33,81.30316381906464
Voting_Ensemble,82.75,83.0302544621844
Voting_Ensemble,75.5,80.86516517847838
Voting_Ensemble,82.67,81.299457056689
Voting_Ensemble,81.83,82.30785370729917
Voting_Ensemble,83.0,82.89779376495278
Voting_Ensemble,81.08,80.61487699563732
Voting_Ensemble,86.0,83.84279551235971
Voting_Ensemble,83.17,82.36920943943063
Voting_Ensemble,83.17,83.06729662786711
Voting_Ensemble,82.92,83.06155670505551
Voting_Ensemble,85.17,82.49842539044066
Voting_Ensemble,80.67,82.98090428962675
Voting_Ensemble,84.75,82.40025116401455
Voting_Ensemble,84.0,81.0501243195868
Voting_Ensemble,80.75,82.63319748324746
Voting_Ensemble,80.58,81.97824511158957
Voting_Ensemble,74.0,78.58507117813708
Voting_Ensemble,82.25,82.4854082374927
Voting_Ensemble,82.0,80.58136073826934
Voting_Ensemble,82.33,82.4347533517617
Voting_Ensemble,84.67,82.64950117441174
Voting_Ensemble,83.42,83.09498419244262
Voting_Ensemble,83.83,83.30938847302409
Voting_Ensemble,82.08,79.43345540665803
Voting_Ensemble,80.58,82.9605253008087
Voting_Ensemble,83.17,82.49723892357692
Voting_Ensemble,79.75,81.35675502942559
Voting_Ensemble,80.25,79.10145734256392
Voting_Ensemble,80.92,81.48804765306251
Voting_Ensemble,80.0,80.07949031566228
Voting_Ensemble,79.42,78.98446892171164
Voting_Ensemble,86.58,82.35316973909423
Voting_Ensemble,82.83,81.18385291504067
Voting_Ensemble,83.0,81.9900274499837
Voting_Ensemble,86.5,82.59671401679975
Voting_Ensemble,83.67,83.33788886341486
Voting_Ensemble,83.83,81.78988895001476
Voting_Ensemble,83.33,83.19790243740293
Voting_Ensemble,84.17,86.307965728669
Voting_Ensemble,85.42,83.48659002756334
Voting_Ensemble,82.92,79.43120852414904
Voting_Ensemble,84.08,84.14742273981622
Voting_Ensemble,83.5,81.8193430690498
Voting_Ensemble,81.5,81.23486596480177
Voting_Ensemble,78.75,78.67353674622217
Voting_Ensemble,83.92,81.60153362063497
Voting_Ensemble,82.0,82.36920943943063
Voting_Ensemble,83.58,83.04733927880015
Voting_Ensemble,82.92,83.38209739845718
Voting_Ensemble,86.0,83.94164023637326
Voting_Ensemble,84.92,82.41424922197548
Voting_Ensemble,84.58,82.59166626983937
Voting_Ensemble,83.17,82.22154468639467
Voting_Ensemble,82.0,82.02253368990695
Voting_Ensemble,81.67,81.96173604372702
Voting_Ensemble,84.17,82.05372768033791
Voting_Ensemble,82.17,83.42275394460403
Voting_Ensemble,73.5,82.41358403115309
Voting_Ensemble,78.5,80.83031006577123
Voting_Ensemble,81.08,84.51450883119787
Voting_Ensemble,84.92,83.1398058367661
Voting_Ensemble,80.25,80.2626974572152
Voting_Ensemble,80.75,79.55113219697849
Voting_Ensemble,80.75,82.32163481021281
Voting_Ensemble,81.33,83.3510221745372
Voting_Ensemble,78.0,81.0762634599965
Voting_Ensemble,79.0,81.15256999811805
Voting_Ensemble,83.58,83.90441403417795
Voting_Ensemble,82.0,82.85065991070007
Voting_Ensemble,83.42,81.94693919009772
Voting_Ensemble,84.17,81.83230814427498
Voting_Ensemble,78.75,82.60673384039158
Voting_Ensemble,79.75,80.54207905515615
Voting_Ensemble,83.0,82.65180022537275
Voting_Ensemble,84.5,82.93871466734868
Voting_Ensemble,83.08,82.08970924512268
Voting_Ensemble,82.5,81.13158209429922
Voting_Ensemble,83.08,83.74493975570171
Voting_Ensemble,83.25,83.10237831586943
Voting_Ensemble,82.17,82.27714342094912
Voting_Ensemble,82.92,82.03126153471264
Voting_Ensemble,84.42,83.37148820069423
Voting_Ensemble,80.67,82.57188758478911
Voting_Ensemble,81.92,82.80378962970936
Voting_Ensemble,83.5,81.99572425588094
Voting_Ensemble,80.25,82.35207170246049
Voting_Ensemble,85.92,83.34317506597985
Voting_Ensemble,80.33,82.14593117621335
Voting_Ensemble,83.08,82.58287266803545
Voting_Ensemble,82.33,82.20967691855613
Voting_Ensemble,85.83,85.14467690696439
Voting_Ensemble,82.42,80.53407038066668
Voting_Ensemble,84.5,81.94012429031159
Voting_Ensemble,84.92,82.6913174502464
Voting_Ensemble,79.08,82.06534829151629
Voting_Ensemble,82.08,82.8769809914411
Voting_Ensemble,82.75,81.33994897477301
Voting_Ensemble,82.67,82.6445402999529
Voting_Ensemble,83.5,82.99614276211697
Voting_Ensemble,82.25,83.47656891669597
Voting_Ensemble,82.42,83.00668230605378
Voting_Ensemble,83.08,82.54350286413093
Voting_Ensemble,82.67,82.23739017085099
Voting_Ensemble,80.25,82.11428916068145
Voting_Ensemble,77.83,82.33337886583577
Voting_Ensemble,82.33,81.32954471135675
Voting_Ensemble,82.58,82.44788232601412
Voting_Ensemble,76.75,81.50424001573812
Voting_Ensemble,79.75,81.88938849403618
Voting_Ensemble,77.33,78.49201995153705
Voting_Ensemble,81.25,82.28806737865251
Voting_Ensemble,82.75,82.68745856628388
Voting_Ensemble,80.5,80.70927173874774
Voting_Ensemble,81.67,82.41647080888676
Voting_Ensemble,79.0,77.50366171671538
Voting_Ensemble,81.5,81.89557099356598
Voting_Ensemble,83.42,84.35710193973631
Voting_Ensemble,82.75,82.54946512664208
Voting_Ensemble,80.58,82.16109557267572
Voting_Ensemble,80.5,79.96521612349011
Voting_Ensemble,81.67,81.20398796082598
Voting_Ensemble,84.5,81.92790995759793
Voting_Ensemble,81.5,81.63757800634579
Voting_Ensemble,78.58,81.52326402065061
Voting_Ensemble,83.25,84.52724359330601
Voting_Ensemble,83.75,81.51037092274898
Voting_Ensemble,81.08,78.91740841984115
Voting_Ensemble,84.25,80.46348873285802
Voting_Ensemble,81.83,80.64339186999605
Voting_Ensemble,83.75,81.9964641431054
Voting_Ensemble,84.67,81.06471041455518
Voting_Ensemble,81.67,81.9964641431054
Voting_Ensemble,83.5,83.14636380829697
Voting_Ensemble,82.92,83.63658618758043
Voting_Ensemble,82.75,81.86251692037996
Voting_Ensemble,80.25,81.98805271193298
Voting_Ensemble,82.42,82.32611544969973
Voting_Ensemble,83.75,80.30853180790785
Voting_Ensemble,84.25,83.59550493918313
Voting_Ensemble,82.25,81.70552037553578
Voting_Ensemble,81.92,82.64666829457761
Voting_Ensemble,83.83,82.67496731884474
Voting_Ensemble,88.08,85.3784892382625
Voting_Ensemble,84.58,84.59555084399477
XGBoost,82.75,81.35830688476562
XGBoost,83.58,81.81875610351562
XGBoost,82.25,82.14580535888672
XGBoost,80.83,81.83577728271484
XGBoost,79.67,81.62638854980469
XGBoost,81.08,82.6746826171875
XGBoost,83.08,83.11009216308594
XGBoost,82.67,82.47029876708984
XGBoost,81.67,82.43629455566406
XGBoost,85.33,83.35912322998047
XGBoost,82.25,81.8362808227539
XGBoost,79.92,81.47850799560547
XGBoost,82.33,83.30530548095703
XGBoost,83.17,82.45988464355469
XGBoost,81.25,82.10508728027344
XGBoost,86.08,84.58623504638672
XGBoost,85.5,82.0743637084961
XGBoost,82.33,81.60132598876953
XGBoost,82.42,80.7981185913086
XGBoost,83.5,83.13404846191406
XGBoost,83.25,81.128662109375
XGBoost,81.17,82.91875457763672
XGBoost,80.67,81.56877899169922
XGBoost,85.0,82.98860168457031
XGBoost,83.08,83.29452514648438
XGBoost,83.92,81.94003295898438
XGBoost,78.58,80.8296890258789
XGBoost,84.17,79.19369506835938
XGBoost,81.83,82.26016998291016
XGBoost,83.58,84.0283203125
XGBoost,76.5,81.72714233398438
XGBoost,83.42,82.02264404296875
XGBoost,82.08,83.88463592529297
XGBoost,81.83,81.46400451660156
XGBoost,82.67,81.34788513183594
XGBoost,85.58,83.24323272705078
XGBoost,81.42,83.6531982421875
XGBoost,82.17,81.89009857177734
XGBoost,83.17,83.73786163330078
XGBoost,83.0,83.364501953125
XGBoost,85.33,83.2427978515625
XGBoost,81.58,83.47859191894531
XGBoost,83.75,80.66822052001953
XGBoost,82.5,83.1824951171875
XGBoost,79.5,80.96585845947266
XGBoost,80.08,81.8017807006836
XGBoost,80.67,81.76966094970703
XGBoost,84.25,83.29324340820312
XGBoost,80.83,81.94657897949219
XGBoost,81.5,82.80469512939453
XGBoost,84.25,82.70310974121094
XGBoost,82.83,82.99758911132812
XGBoost,79.83,77.36515808105469
XGBoost,80.42,82.3865737915039
XGBoost,83.0,83.0449447631836
XGBoost,87.08,87.06499481201172
XGBoost,81.08,81.90962982177734
XGBoost,75.17,79.71686553955078
XGBoost,82.5,80.93739318847656
XGBoost,86.0,82.09624481201172
XGBoost,82.67,82.70526885986328
XGBoost,86.08,82.8424072265625
XGBoost,84.25,84.4661865234375
XGBoost,79.33,83.37571716308594
XGBoost,82.0,83.07965087890625
XGBoost,84.33,83.29960632324219
XGBoost,81.92,81.9060287475586
XGBoost,82.0,83.07867431640625
XGBoost,83.5,80.44715881347656
XGBoost,82.58,79.99024200439453
XGBoost,82.08,83.27144622802734
XGBoost,79.92,80.35700988769531
XGBoost,83.92,81.56940460205078
XGBoost,82.92,82.2264404296875
XGBoost,81.5,81.2635726928711
XGBoost,81.42,82.79193878173828
XGBoost,80.17,80.58674621582031
XGBoost,80.25,82.6969985961914
XGBoost,83.08,80.91637420654297
XGBoost,81.83,83.37940979003906
XGBoost,81.17,80.68204498291016
XGBoost,83.25,78.82776641845703
XGBoost,81.0,82.37435913085938
XGBoost,81.83,82.48193359375
XGBoost,86.42,83.41902160644531
XGBoost,82.33,80.66307067871094
XGBoost,74.92,78.84054565429688
XGBoost,82.67,83.51661682128906
XGBoost,85.33,85.008544921875
XGBoost,82.0,83.24340057373047
XGBoost,82.42,84.79358673095703
XGBoost,79.67,80.83135986328125
XGBoost,82.75,83.6097640991211
XGBoost,83.33,83.0449447631836
XGBoost,83.83,81.36238098144531
XGBoost,84.08,81.76309967041016
XGBoost,81.83,81.79956817626953
XGBoost,84.0,83.30010223388672
XGBoost,83.25,82.85680389404297
XGBoost,84.0,81.52265167236328
XGBoost,84.83,81.8526840209961
XGBoost,81.0,82.6846923828125
XGBoost,84.0,82.1237564086914
XGBoost,83.25,82.9980239868164
XGBoost,84.13,83.06410217285156
XGBoost,81.75,81.96087646484375
XGBoost,82.67,82.77742767333984
XGBoost,83.33,83.15209197998047
XGBoost,84.25,82.61428833007812
XGBoost,83.33,82.08602142333984
XGBoost,84.0,83.69861602783203
XGBoost,82.83,81.91368865966797
XGBoost,82.33,83.1904067993164
XGBoost,85.83,83.2058334350586
XGBoost,76.33,80.01168060302734
XGBoost,82.33,81.27862548828125
XGBoost,82.75,83.03977966308594
XGBoost,75.5,82.23291015625
XGBoost,82.67,81.3836441040039
XGBoost,81.83,82.21617126464844
XGBoost,83.0,82.9310531616211
XGBoost,81.08,80.49699401855469
XGBoost,86.0,83.7135238647461
XGBoost,83.17,82.38971710205078
XGBoost,83.17,83.06744384765625
XGBoost,82.92,83.05602264404297
XGBoost,85.17,82.55115509033203
XGBoost,80.67,83.10107421875
XGBoost,84.75,82.39822387695312
XGBoost,84.0,81.22711181640625
XGBoost,80.75,82.67376708984375
XGBoost,80.58,82.04839324951172
XGBoost,74.0,78.10356903076172
XGBoost,82.25,82.49713134765625
XGBoost,82.0,81.2646255493164
XGBoost,82.33,82.54981994628906
XGBoost,84.67,82.60626220703125
XGBoost,83.42,83.1598129272461
XGBoost,83.83,83.27523803710938
XGBoost,82.08,79.64634704589844
XGBoost,80.58,83.0449447631836
XGBoost,83.17,82.57015991210938
XGBoost,79.75,81.58407592773438
XGBoost,80.25,78.8662338256836
XGBoost,80.92,81.46430206298828
XGBoost,80.0,80.23725891113281
XGBoost,79.42,78.75739288330078
XGBoost,86.58,82.2903823852539
XGBoost,82.83,81.04033660888672
XGBoost,83.0,81.89544677734375
XGBoost,86.5,82.66487121582031
XGBoost,83.67,83.32032775878906
XGBoost,83.83,81.89969635009766
XGBoost,83.33,83.0768814086914
XGBoost,84.17,86.95153045654297
XGBoost,85.42,83.44886016845703
XGBoost,82.92,79.47935485839844
XGBoost,84.08,84.4614028930664
XGBoost,83.5,81.94023132324219
XGBoost,81.5,81.28834533691406
XGBoost,78.75,78.46128845214844
XGBoost,83.92,81.54918670654297
XGBoost,82.0,82.38971710205078
XGBoost,83.58,83.20867156982422
XGBoost,82.92,83.15476989746094
XGBoost,86.0,83.85623931884766
XGBoost,84.92,82.50647735595703
XGBoost,84.58,82.5261459350586
XGBoost,83.17,82.12751007080078
XGBoost,82.0,82.26850891113281
XGBoost,81.67,81.72996520996094
XGBoost,84.17,82.2939682006836
XGBoost,82.17,83.5588150024414
XGBoost,73.5,82.37344360351562
XGBoost,78.5,80.90841674804688
XGBoost,81.08,84.29102325439453
XGBoost,84.92,83.13878631591797
XGBoost,80.25,79.7872085571289
XGBoost,80.75,80.11018371582031
XGBoost,80.75,82.35560607910156
XGBoost,81.33,83.364501953125
XGBoost,78.0,80.92595672607422
XGBoost,79.0,81.37157440185547
XGBoost,83.58,83.90025329589844
XGBoost,82.0,82.89804077148438
XGBoost,83.42,81.84912872314453
XGBoost,84.17,81.64157104492188
XGBoost,78.75,82.5268325805664
XGBoost,79.75,80.59119415283203
XGBoost,83.0,82.75325012207031
XGBoost,84.5,82.9858169555664
XGBoost,83.08,81.99913024902344
XGBoost,82.5,81.15800476074219
XGBoost,83.08,83.62638092041016
XGBoost,83.25,83.13878631591797
XGBoost,82.17,82.3793716430664
XGBoost,82.92,82.38092803955078
XGBoost,84.42,83.2413558959961
XGBoost,80.67,82.51710510253906
XGBoost,81.92,82.91375732421875
XGBoost,83.5,81.87705993652344
XGBoost,80.25,82.41295623779297
XGBoost,85.92,83.37630462646484
XGBoost,80.33,82.02074432373047
XGBoost,83.08,82.61986541748047
XGBoost,82.33,82.1364517211914
XGBoost,85.83,85.01900482177734
XGBoost,82.42,80.82574462890625
XGBoost,84.5,81.5550537109375
XGBoost,84.92,82.59294128417969
XGBoost,79.08,81.9946060180664
XGBoost,82.08,82.89795684814453
XGBoost,82.75,80.68885803222656
XGBoost,82.67,82.63211822509766
XGBoost,83.5,83.0528564453125
XGBoost,82.25,83.15032196044922
XGBoost,82.42,83.05748748779297
XGBoost,83.08,82.53886413574219
XGBoost,82.67,82.5099105834961
XGBoost,80.25,82.12451934814453
XGBoost,77.83,82.14801025390625
XGBoost,82.33,81.41638946533203
XGBoost,82.58,82.41899108886719
XGBoost,76.75,81.64344787597656
XGBoost,79.75,81.84891510009766
XGBoost,77.33,78.35842895507812
XGBoost,81.25,82.17919921875
XGBoost,82.75,82.61203002929688
XGBoost,80.5,80.57502746582031
XGBoost,81.67,82.20243835449219
XGBoost,79.0,76.56708526611328
XGBoost,81.5,81.6154556274414
XGBoost,83.42,84.43753814697266
XGBoost,82.75,82.5821304321289
XGBoost,80.58,82.5345687866211
XGBoost,80.5,79.91543579101562
XGBoost,81.67,81.14575958251953
XGBoost,84.5,81.70975494384766
XGBoost,81.5,81.91612243652344
XGBoost,78.58,81.36309051513672
XGBoost,83.25,84.56095886230469
XGBoost,83.75,81.45626068115234
XGBoost,81.08,78.2647933959961
XGBoost,84.25,80.46511840820312
XGBoost,81.83,80.74398803710938
XGBoost,83.75,81.89544677734375
XGBoost,84.67,81.26126861572266
XGBoost,81.67,81.89544677734375
XGBoost,83.5,83.31288146972656
XGBoost,82.92,83.51661682128906
XGBoost,82.75,81.80584716796875
XGBoost,80.25,82.01695251464844
XGBoost,82.42,82.11406707763672
XGBoost,83.75,80.1001968383789
XGBoost,84.25,83.55138397216797
XGBoost,82.25,81.68881225585938
XGBoost,81.92,82.71641540527344
XGBoost,83.83,83.220703125
XGBoost,88.08,87.65724182128906
XGBoost,84.58,84.96873474121094
GradientBoosting,82.75,81.39310802725402
GradientBoosting,83.58,81.70721979194909
GradientBoosting,82.25,81.6200558277569
GradientBoosting,80.83,81.58835869219457
GradientBoosting,79.67,81.36294555348874
GradientBoosting,81.08,83.31498027953734
GradientBoosting,83.08,83.15074076318714
GradientBoosting,82.67,82.11724063741609
GradientBoosting,81.67,82.62679531084501
GradientBoosting,85.33,83.63907469738538
GradientBoosting,82.25,82.33283896763429
GradientBoosting,79.92,81.1546724741118
GradientBoosting,82.33,82.41402792151506
GradientBoosting,83.17,81.98684483005692
GradientBoosting,81.25,82.24271666160627
GradientBoosting,86.08,84.4610800753284
GradientBoosting,85.5,81.87002257131286
GradientBoosting,82.33,81.96822041113543
GradientBoosting,82.42,80.9520806390613
GradientBoosting,83.5,83.16377298207145
GradientBoosting,83.25,81.48461852127508
GradientBoosting,81.17,82.95194289595251
GradientBoosting,80.67,81.5135131526345
GradientBoosting,85.0,83.5155025848905
GradientBoosting,83.08,83.2841486612737
GradientBoosting,83.92,82.20232509910458
GradientBoosting,78.58,81.44396009581624
GradientBoosting,84.17,79.1270568159363
GradientBoosting,81.83,82.51986357378135
GradientBoosting,83.58,83.35019013531611
GradientBoosting,76.5,81.7300453487453
GradientBoosting,83.42,82.1174078461527
GradientBoosting,82.08,83.70433280350088
GradientBoosting,81.83,81.43843038860003
GradientBoosting,82.67,81.4757739864244
GradientBoosting,85.58,83.35501432873804
GradientBoosting,81.42,83.36652358821281
GradientBoosting,82.17,82.00706082338226
GradientBoosting,83.17,83.3005244032301
GradientBoosting,83.0,83.3008317429666
GradientBoosting,85.33,83.34038422553233
GradientBoosting,81.58,83.134560555167
GradientBoosting,83.75,80.28226227346477
GradientBoosting,82.5,84.3121529806698
GradientBoosting,79.5,81.230187638556
GradientBoosting,80.08,81.64484877561371
GradientBoosting,80.67,81.875116328105
GradientBoosting,84.25,83.23643605558745
GradientBoosting,80.83,82.15110699170093
GradientBoosting,81.5,82.72219581566851
GradientBoosting,84.25,82.86874532098446
GradientBoosting,82.83,83.03716938819626
GradientBoosting,79.83,77.48488882258043
GradientBoosting,80.42,82.7791658269762
GradientBoosting,83.0,82.76582420045382
GradientBoosting,87.08,87.00952930003668
GradientBoosting,81.08,81.83756254116231
GradientBoosting,75.17,79.9304226013338
GradientBoosting,82.5,80.9293119240532
GradientBoosting,86.0,82.02802371421538
GradientBoosting,82.67,83.00366735319139
GradientBoosting,86.08,82.77403347063824
GradientBoosting,84.25,84.4926794448541
GradientBoosting,79.33,84.1400481932231
GradientBoosting,82.0,82.7069551981136
GradientBoosting,84.33,83.34127034330572
GradientBoosting,81.92,81.97374313247714
GradientBoosting,82.0,83.04974309593928
GradientBoosting,83.5,81.17295094160701
GradientBoosting,82.58,80.41413768741756
GradientBoosting,82.08,83.24738821012976
GradientBoosting,79.92,80.20681908121024
GradientBoosting,83.92,81.3842943592185
GradientBoosting,82.92,82.29327162657043
GradientBoosting,81.5,81.23564673689441
GradientBoosting,81.42,82.40204284410932
GradientBoosting,80.17,80.65045694259146
GradientBoosting,80.25,82.44904937158736
GradientBoosting,83.08,81.13153742783905
GradientBoosting,81.83,83.3328240763816
GradientBoosting,81.17,80.62486014621237
GradientBoosting,83.25,79.48699410206171
GradientBoosting,81.0,82.30088974471273
GradientBoosting,81.83,82.47391740134005
GradientBoosting,86.42,83.19649960749778
GradientBoosting,82.33,79.97932755220415
GradientBoosting,74.92,78.73873809708785
GradientBoosting,82.67,83.4408886526132
GradientBoosting,85.33,85.00088414526815
GradientBoosting,82.0,83.26696068587594
GradientBoosting,82.42,84.47183036470616
GradientBoosting,79.67,80.39041156806967
GradientBoosting,82.75,83.57463989169977
GradientBoosting,83.33,82.76582420045382
GradientBoosting,83.83,81.82620460046269
GradientBoosting,84.08,81.93358678463433
GradientBoosting,81.83,81.69915133658802
GradientBoosting,84.0,83.05664317996045
GradientBoosting,83.25,82.82908770687781
GradientBoosting,84.0,81.66304048303486
GradientBoosting,84.83,81.77629861160337
GradientBoosting,81.0,82.83156011556247
GradientBoosting,84.0,82.08345552932788
GradientBoosting,83.25,83.1140936565667
GradientBoosting,84.13,83.0090150839895
GradientBoosting,81.75,82.08223680860947
GradientBoosting,82.67,83.08077409618828
GradientBoosting,83.33,83.21938733509803
GradientBoosting,84.25,82.51842585383199
GradientBoosting,83.33,82.04176547818973
GradientBoosting,84.0,83.6731271561557
GradientBoosting,82.83,81.48644605314468
GradientBoosting,82.33,83.20079988163008
GradientBoosting,85.83,83.19201677090842
GradientBoosting,76.33,79.78759946000913
GradientBoosting,82.33,81.59283752541272
GradientBoosting,82.75,83.00584611443409
GradientBoosting,75.5,80.34430287918514
GradientBoosting,82.67,81.1220552846455
GradientBoosting,81.83,82.40886568863466
GradientBoosting,83.0,82.67645562561654
GradientBoosting,81.08,80.5395905805785
GradientBoosting,86.0,83.6905555614079
GradientBoosting,83.17,82.48881762486485
GradientBoosting,83.17,83.06881899951446
GradientBoosting,82.92,82.95005322592917
GradientBoosting,85.17,82.54684784066512
GradientBoosting,80.67,82.94060173956343
GradientBoosting,84.75,82.19960996096913
GradientBoosting,84.0,80.90021258125356
GradientBoosting,80.75,82.36957869216961
GradientBoosting,80.58,81.95882098383773
GradientBoosting,74.0,78.98313858012862
GradientBoosting,82.25,82.36239290490342
GradientBoosting,82.0,81.32973743174396
GradientBoosting,82.33,82.60007900798934
GradientBoosting,84.67,82.4485889888998
GradientBoosting,83.42,83.07698868376208
GradientBoosting,83.83,83.28525072560369
GradientBoosting,82.08,79.3585454896158
GradientBoosting,80.58,82.76582420045382
GradientBoosting,83.17,82.51070860188032
GradientBoosting,79.75,81.3165426924865
GradientBoosting,80.25,79.15817004724629
GradientBoosting,80.92,81.7937061697758
GradientBoosting,80.0,79.71138474160418
GradientBoosting,79.42,78.5630011975023
GradientBoosting,86.58,82.40454807846399
GradientBoosting,82.83,80.98684509717059
GradientBoosting,83.0,82.00706082338226
GradientBoosting,86.5,82.27038055735669
GradientBoosting,83.67,83.43341845061133
GradientBoosting,83.83,81.83969280137394
GradientBoosting,83.33,83.04862849643129
GradientBoosting,84.17,86.22084893184497
GradientBoosting,85.42,83.48162872375683
GradientBoosting,82.92,79.07642811751276
GradientBoosting,84.08,84.53332848114415
GradientBoosting,83.5,81.57682143937228
GradientBoosting,81.5,81.15976738253012
GradientBoosting,78.75,78.8914402984228
GradientBoosting,83.92,81.89259804691953
GradientBoosting,82.0,82.48881762486485
GradientBoosting,83.58,83.11535991553609
GradientBoosting,82.92,83.30459249809692
GradientBoosting,86.0,83.81943247915774
GradientBoosting,84.92,82.51734134145742
GradientBoosting,84.58,82.57519748490667
GradientBoosting,83.17,82.03730857929406
GradientBoosting,82.0,82.01984442258137
GradientBoosting,81.67,82.21157580401007
GradientBoosting,84.17,82.0041604220052
GradientBoosting,82.17,83.56270236766333
GradientBoosting,73.5,82.4536782378065
GradientBoosting,78.5,81.22301359599507
GradientBoosting,81.08,84.33161885427839
GradientBoosting,84.92,83.1340537941503
GradientBoosting,80.25,80.19414439084449
GradientBoosting,80.75,78.41575384925203
GradientBoosting,80.75,82.27063535916656
GradientBoosting,81.33,83.3008317429666
GradientBoosting,78.0,80.8151761730026
GradientBoosting,79.0,81.45400820067269
GradientBoosting,83.58,84.10365432141784
GradientBoosting,82.0,82.83752507548685
GradientBoosting,83.42,81.97441412420875
GradientBoosting,84.17,81.9332534778528
GradientBoosting,78.75,82.51219172874535
GradientBoosting,79.75,80.48689570736308
GradientBoosting,83.0,82.80865380323883
GradientBoosting,84.5,82.89858763837918
GradientBoosting,83.08,82.56112373237477
GradientBoosting,82.5,81.16212702044088
GradientBoosting,83.08,83.58213314317241
GradientBoosting,83.25,83.09387456437766
GradientBoosting,82.17,82.40806416251172
GradientBoosting,82.92,81.7747547860045
GradientBoosting,84.42,83.23496835246094
GradientBoosting,80.67,82.3862943060092
GradientBoosting,81.92,83.07834974598632
GradientBoosting,83.5,81.92444305088415
GradientBoosting,80.25,82.61385640366937
GradientBoosting,85.92,83.37373267385287
GradientBoosting,80.33,82.24511817610046
GradientBoosting,83.08,82.7480737948947
GradientBoosting,82.33,82.0862796836377
GradientBoosting,85.83,84.83909563396433
GradientBoosting,82.42,80.28698131598291
GradientBoosting,84.5,81.98531339687665
GradientBoosting,84.92,82.82374458001847
GradientBoosting,79.08,81.79143172433677
GradientBoosting,82.08,83.0133933923503
GradientBoosting,82.75,82.6964005488385
GradientBoosting,82.67,82.56012076473519
GradientBoosting,83.5,83.03548174603084
GradientBoosting,82.25,83.1638690141929
GradientBoosting,82.42,82.9664863773495
GradientBoosting,83.08,82.55224333544227
GradientBoosting,82.67,82.2599708370099
GradientBoosting,80.25,82.19613411422853
GradientBoosting,77.83,82.25441341336261
GradientBoosting,82.33,81.1220552846455
GradientBoosting,82.58,82.51811159016985
GradientBoosting,76.75,81.34182189031908
GradientBoosting,79.75,81.95134928470182
GradientBoosting,77.33,78.6579945351336
GradientBoosting,81.25,82.61385640366937
GradientBoosting,82.75,83.25548718213379
GradientBoosting,80.5,80.32949812107654
GradientBoosting,81.67,82.28194878103132
GradientBoosting,79.0,76.5425614837891
GradientBoosting,81.5,81.98214756632791
GradientBoosting,83.42,84.30048176892987
GradientBoosting,82.75,82.38932825208968
GradientBoosting,80.58,82.24069032858709
GradientBoosting,80.5,80.09979985524839
GradientBoosting,81.67,81.09405319399964
GradientBoosting,84.5,81.8857591844117
GradientBoosting,81.5,82.02705359981199
GradientBoosting,78.58,81.3923895465674
GradientBoosting,83.25,84.45330725589962
GradientBoosting,83.75,81.68156941631962
GradientBoosting,81.08,79.43359073868
GradientBoosting,84.25,80.83547166150713
GradientBoosting,81.83,81.29944994477631
GradientBoosting,83.75,82.00706082338226
GradientBoosting,84.67,81.16068752298203
GradientBoosting,81.67,82.00706082338226
GradientBoosting,83.5,83.19390642571418
GradientBoosting,82.92,83.4408886526132
GradientBoosting,82.75,81.62049300496584
GradientBoosting,80.25,82.00093101345249
GradientBoosting,82.42,82.46732667866607
GradientBoosting,83.75,80.54435912728681
GradientBoosting,84.25,83.57199258732149
GradientBoosting,82.25,81.8587501743576
GradientBoosting,81.92,82.81327925677203
GradientBoosting,83.83,82.35101655062209
GradientBoosting,88.08,83.7813713101651
GradientBoosting,84.58,84.46895520895075
RandomForest,82.75,81.0419055627695
RandomForest,83.58,82.2242915638478
RandomForest,82.25,82.545539541325
RandomForest,80.83,82.1780510304161
RandomForest,79.67,81.4494661766188
RandomForest,81.08,81.7304252975864
RandomForest,83.08,83.10968444927876
RandomForest,82.67,82.24834132225389
RandomForest,81.67,82.34320994581815
RandomForest,85.33,83.45967855752633
RandomForest,82.25,82.34379362222619
RandomForest,79.92,81.15516381155926
RandomForest,82.33,80.61824973389676
RandomForest,83.17,82.46240288923944
RandomForest,81.25,82.14530956492179
RandomForest,86.08,83.8675134983447
RandomForest,85.5,81.98131833826845
RandomForest,82.33,82.14965226434627
RandomForest,82.42,81.52991818796785
RandomForest,83.5,83.13003625606416
RandomForest,83.25,80.99017365375491
RandomForest,81.17,83.01126667627977
RandomForest,80.67,81.3045847386517
RandomForest,85.0,83.29375961761703
RandomForest,83.08,83.82777721539527
RandomForest,83.92,81.62692922186075
RandomForest,78.58,81.54942803493634
RandomForest,84.17,79.57421470238094
RandomForest,81.83,82.27709354816596
RandomForest,83.58,83.6674498305918
RandomForest,76.5,82.38149822229468
RandomForest,83.42,82.21122208967792
RandomForest,82.08,84.5836663796087
RandomForest,81.83,81.67742650105203
RandomForest,82.67,81.8116074324825
RandomForest,85.58,82.95926075553896
RandomForest,81.42,83.42294483257236
RandomForest,82.17,82.06597661430446
RandomForest,83.17,83.27057562963053
RandomForest,83.0,83.38773282752001
RandomForest,85.33,83.83696211353227
RandomForest,81.58,83.37398606149269
RandomForest,83.75,80.25190169146823
RandomForest,82.5,81.3207267690859
RandomForest,79.5,80.65853862779144
RandomForest,80.08,81.51360358300707
RandomForest,80.67,81.64834402184705
RandomForest,84.25,83.20925092865353
RandomForest,80.83,81.48623206915788
RandomForest,81.5,82.86180077040672
RandomForest,84.25,82.59418917279442
RandomForest,82.83,83.17477900003053
RandomForest,79.83,77.64290184523809
RandomForest,80.42,81.30509266529623
RandomForest,83.0,83.07080693878866
RandomForest,87.08,86.88542717636413
RandomForest,81.08,81.54192286944667
RandomForest,75.17,79.77910150793649
RandomForest,82.5,80.87281964551826
RandomForest,86.0,82.66865054066176
RandomForest,82.67,82.94912621621245
RandomForest,86.08,82.4477485777731
RandomForest,84.25,84.01546564244423
RandomForest,79.33,83.05965120889819
RandomForest,82.0,82.62599566372596
RandomForest,84.33,83.32842101555235
RandomForest,81.92,81.49165940482798
RandomForest,82.0,83.21926011592996
RandomForest,83.5,79.97191437180871
RandomForest,82.58,80.20032316750114
RandomForest,82.08,83.94326738833993
RandomForest,79.92,79.62417052062641
RandomForest,83.92,81.22823997251882
RandomForest,82.92,82.02234684572998
RandomForest,81.5,81.58828859652877
RandomForest,81.42,82.80767129435345
RandomForest,80.17,81.38801012505493
RandomForest,80.25,82.72032791914829
RandomForest,83.08,80.5576740476191
RandomForest,81.83,83.11515663430488
RandomForest,81.17,80.46181561575929
RandomForest,83.25,79.21730636904765
RandomForest,81.0,82.88230786084603
RandomForest,81.83,82.35354467331946
RandomForest,86.42,83.3012215673498
RandomForest,82.33,80.18628818891057
RandomForest,74.92,79.41800907619728
RandomForest,82.67,83.95225308883904
RandomForest,85.33,84.63049329365086
RandomForest,82.0,83.01769503738863
RandomForest,82.42,84.17548113237004
RandomForest,79.67,80.60478986607144
RandomForest,82.75,83.59391587542378
RandomForest,83.33,83.07080693878866
RandomForest,83.83,81.27790060767344
RandomForest,84.08,82.06135859899457
RandomForest,81.83,82.12476203844238
RandomForest,84.0,83.16022306679204
RandomForest,83.25,82.95195221715872
RandomForest,84.0,81.83787197429734
RandomForest,84.83,81.72805427813952
RandomForest,81.0,82.85650353986289
RandomForest,84.0,82.68428911876047
RandomForest,83.25,82.4670770585245
RandomForest,84.13,82.16052295906134
RandomForest,81.75,82.08355871116504
RandomForest,82.67,82.5535173753673
RandomForest,83.33,83.66886406826846
RandomForest,84.25,82.76261715633395
RandomForest,83.33,82.53524224157438
RandomForest,84.0,82.19239324404758
RandomForest,82.83,81.495511309808
RandomForest,82.33,82.97931110517824
RandomForest,85.83,83.10172193975994
RandomForest,76.33,80.93541884653229
RandomForest,82.33,81.03802844349995
RandomForest,82.75,83.04513760903315
RandomForest,75.5,80.01828249999998
RandomForest,82.67,81.39267178141759
RandomForest,81.83,82.29852416861443
RandomForest,83.0,83.08587250762069
RandomForest,81.08,80.80804638777875
RandomForest,86.0,84.12430711092514
RandomForest,83.17,82.22909359137628
RandomForest,83.17,83.06562703643061
RandomForest,82.92,83.17859424519436
RandomForest,85.17,82.3972732403248
RandomForest,80.67,82.90103691056682
RandomForest,84.75,82.6029196541214
RandomForest,84.0,81.02304856110058
RandomForest,80.75,82.85624666772902
RandomForest,80.58,81.92752110141926
RandomForest,74.0,78.66850592352091
RandomForest,82.25,82.59670045991842
RandomForest,82.0,79.14971923374766
RandomForest,82.33,82.15436110100671
RandomForest,84.67,82.89365232730415
RandomForest,83.42,83.04815096631968
RandomForest,83.83,83.3676766563592
RandomForest,82.08,79.29547368445982
RandomForest,80.58,83.07080693878866
RandomForest,83.17,82.41084825674103
RandomForest,79.75,81.16964646805587
RandomForest,80.25,79.27996815476187
RandomForest,80.92,81.20613472642347
RandomForest,80.0,80.28982729424985
RandomForest,79.42,79.63301268433183
RandomForest,86.58,82.36457875356479
RandomForest,82.83,81.5243770390647
RandomForest,83.0,82.0675747492251
RandomForest,86.5,82.85489027722225
RandomForest,83.67,83.25992038084419
RandomForest,83.83,81.63027769857268
RandomForest,83.33,83.4681974070861
RandomForest,84.17,85.75151779761907
RandomForest,85.42,83.52928119047615
RandomForest,82.92,79.73784259653593
RandomForest,84.08,83.4475368452381
RandomForest,83.5,81.9409764445349
RandomForest,81.5,81.25648517496111
RandomForest,78.75,78.66788148809528
RandomForest,83.92,81.3628161084424
RandomForest,82.0,82.22909359137628
RandomForest,83.58,82.81798635104013
RandomForest,82.92,83.68692979981365
RandomForest,86.0,84.14924891111441
RandomForest,84.92,82.21892896851197
RandomForest,84.58,82.67365538955282
RandomForest,83.17,82.49981540908915
RandomForest,82.0,81.77924773600667
RandomForest,81.67,81.94366711721004
RandomForest,84.17,81.86305441832495
RandomForest,82.17,83.14674446370731
RandomForest,73.5,82.41363025213715
RandomForest,78.5,80.35949985327174
RandomForest,81.08,84.9208843849207
RandomForest,84.92,83.14657740023003
RandomForest,80.25,80.80673942367217
RandomForest,80.75,80.12745902586313
RandomForest,80.75,82.3386629923703
RandomForest,81.33,83.38773282752001
RandomForest,78.0,81.4876574809127
RandomForest,79.0,80.632127391826
RandomForest,83.58,83.70933448521757
RandomForest,82.0,82.81641388512901
RandomForest,83.42,82.01727472293987
RandomForest,84.17,81.92209991005025
RandomForest,78.75,82.781177211863
RandomForest,79.75,80.54814730527336
RandomForest,83.0,82.3934967508091
RandomForest,84.5,82.93173940810046
RandomForest,83.08,81.70887375396983
RandomForest,82.5,81.07461450171456
RandomForest,83.08,84.02630520352255
RandomForest,83.25,83.07447406731268
RandomForest,82.17,82.04399445726922
RandomForest,82.92,81.93810177858266
RandomForest,84.42,83.63814035362567
RandomForest,80.67,82.81226334581906
RandomForest,81.92,82.41926181892302
RandomForest,83.5,82.18566978023527
RandomForest,80.25,82.02940246591912
RandomForest,85.92,83.27948789762186
RandomForest,80.33,82.1719310288091
RandomForest,83.08,82.38067879173116
RandomForest,82.33,82.4062993508393
RandomForest,85.83,85.57593026515151
RandomForest,82.42,80.48948519711087
RandomForest,84.5,82.28000576312063
RandomForest,84.92,82.65726648654105
RandomForest,79.08,82.41000713214568
RandomForest,82.08,82.71959273382849
RandomForest,82.75,80.63458834325398
RandomForest,82.67,82.74138191002585
RandomForest,83.5,82.90009009500758
RandomForest,82.25,84.11551577544577
RandomForest,82.42,82.99607305301886
RandomForest,83.08,82.53940112120834
RandomForest,82.67,81.94228909204699
RandomForest,80.25,82.0222140196713
RandomForest,77.83,82.59771293023847
RandomForest,82.33,81.45018938409272
RandomForest,82.58,82.40654429900535
RandomForest,76.75,81.52745028091871
RandomForest,79.75,81.86790109730907
RandomForest,77.33,78.45963636439944
RandomForest,81.25,82.07114651353817
RandomForest,82.75,82.19485848742097
RandomForest,80.5,81.2232896293464
RandomForest,81.67,82.7650252911368
RandomForest,79.0,79.40133840024379
RandomForest,81.5,82.08910978692862
RandomForest,83.42,84.3332859033064
RandomForest,82.75,82.67693669570762
RandomForest,80.58,81.70802760281899
RandomForest,80.5,79.88041272420632
RandomForest,81.67,81.37215110595879
RandomForest,84.5,82.18821574453446
RandomForest,81.5,80.96955798270194
RandomForest,78.58,81.81431200024774
RandomForest,83.25,84.56746466171373
RandomForest,83.75,81.39328267077498
RandomForest,81.08,79.05384112484737
RandomForest,84.25,80.08987612886382
RandomForest,81.83,79.88673762810248
RandomForest,83.75,82.08688482859017
RandomForest,84.67,80.77217510496084
RandomForest,81.67,82.08688482859017
RandomForest,83.5,82.93230352945017
RandomForest,82.92,83.95225308883904
RandomForest,82.75,82.16121058820528
RandomForest,80.25,81.94627460769802
RandomForest,82.42,82.39695259279641
RandomForest,83.75,80.28103945805783
RandomForest,84.25,83.66313825805992
RandomForest,82.25,81.56899869639037
RandomForest,81.92,82.41031022168735
RandomForest,83.83,82.45318228091215
RandomForest,88.08,84.69685458333338
RandomForest,84.58,84.34896258182262
