Puntaje_Real,Puntaje_Predicho,Error_Absoluto
82.75,81.55291835706561,1.1970816429343927
83.58,81.83642833518063,1.7435716648193704
82.25,82.63217692220647,0.3821769222064688
80.83,82.21234449103997,1.382344491039973
79.67,82.43667839439094,2.7666783943909365
81.08,82.41624018693578,1.3362401869357825
83.08,83.49044349368705,0.4104434936870547
82.67,82.84872519642381,0.17872519642381235
81.67,82.10476134174719,0.4347613417471905
85.33,83.84236877667962,1.4876312233203777
82.25,82.1879135816577,0.06208641834230377
79.92,82.17937440841602,2.259374408416022
82.33,82.65623906661703,0.3262390666170347
83.17,82.44429634237684,0.725703657623157
81.25,82.23134956742753,0.9813495674275288
86.08,84.6121508759227,1.4678491240773042
85.5,82.81709191762151,2.682908082378489
82.33,82.10492444284048,0.22507555715951355
82.42,81.9180534784693,0.501946521530698
83.5,82.97889349570248,0.5211065042975207
83.25,81.9235683808163,1.326431619183694
81.17,82.83186135543693,1.6618613554369261
80.67,81.82138179061901,1.1513817906190127
85.0,84.44246228601543,0.5575377139845727
83.08,83.64915331025138,0.5691533102513802
83.92,82.12434208960569,1.7956579103943113
78.58,82.19561862396938,3.6156186239693824
84.17,82.24791931629622,1.9220806837037827
81.83,82.70830009032487,0.8783000903248706
83.58,83.94196899264338,0.36196899264338356
76.5,81.57934906559353,5.079349065593533
83.42,82.66713099838302,0.7528690016169861
82.08,83.8586087920595,1.7786087920595008
81.83,81.94912671479956,0.11912671479956316
82.67,82.52242135408272,0.1475786459172781
85.58,83.48342805408427,2.096571945915727
81.42,83.72155011501161,2.301550115011608
82.17,82.58560374800088,0.4156037480008763
83.17,83.26388880658766,0.09388880658765686
83.0,83.57984940359765,0.5798494035976489
85.33,83.30645056123801,2.0235494387619894
81.58,82.9561045506741,1.3761045506740999
83.75,82.11069279518013,1.6393072048198718
82.5,82.33003014087349,0.16996985912651041
79.5,81.77701837495415,2.277018374954153
80.08,81.20279125348868,1.1227912534886855
80.67,82.50830722928553,1.8383072292855331
84.25,82.60885609136676,1.6411439086332393
80.83,82.19957264671469,1.369572646714687
81.5,82.3829265097754,0.8829265097754018
84.25,82.53052100205609,1.7194789979439093
82.83,82.83107250297158,0.0010725029715814571
79.83,80.58987155685898,0.7598715568589824
80.42,81.3243419232889,0.9043419232888965
83.0,83.1156314140918,0.11563141409179423
87.08,84.99534250646516,2.0846574935348343
81.08,81.9431049884153,0.8631049884153015
75.17,81.41864880409905,6.248648804099048
82.5,81.72384831428415,0.7761516857158455
86.0,83.37464390707046,2.625356092929536
82.67,83.04636153310362,0.3763615331036192
86.08,82.89906598673474,3.180934013265258
84.25,83.78144629523632,0.4685537047636785
79.33,83.10505453866932,3.7750545386693233
82.0,82.68418722448241,0.6841872244824145
84.33,82.84920307937985,1.4807969206201506
81.92,81.4981053738713,0.42189462612870443
82.0,82.46740805488416,0.46740805488416015
83.5,81.34637438566321,2.1536256143367893
82.58,81.4134384686054,1.166561531394592
82.08,83.71506735253743,1.6350673525374333
79.92,81.80281199895003,1.8828119989500323
83.92,82.45995241222266,1.4600475877773391
82.92,82.62950298128008,0.2904970187199183
81.5,81.86258390397624,0.36258390397624396
81.42,82.92515468720612,1.5051546872061152
80.17,81.53390604488506,1.3639060448850557
80.25,82.66812242757555,2.418122427575554
83.08,82.00495834429609,1.075041655703913
81.83,83.62153545258677,1.7915354525867713
81.17,81.37841911633309,0.20841911633308996
83.25,80.51033543162546,2.739664568374536
81.0,82.73302050732781,1.733020507327808
81.83,82.25220756981413,0.4222075698141339
86.42,82.45078558900106,3.9692144109989442
82.33,81.87651311039893,0.4534868896010664
74.92,79.90954662639136,4.989546626391359
82.67,84.03299087498246,1.362990874982458
85.33,86.53054386939431,1.2005438693943091
82.0,83.57773025971031,1.5777302597103073
82.42,83.66098715065358,1.2409871506535808
79.67,82.06553377627104,2.395533776271037
82.75,83.67202446112474,0.9220244611247352
83.33,83.1156314140918,0.21436858590820407
83.83,82.43424402255732,1.3957559774426755
84.08,82.28673214199735,1.7932678580026504
81.83,82.0288109019924,0.19881090199240248
84.0,83.0191513088305,0.9808486911694985
83.25,83.35490013900241,0.10490013900241024
84.0,82.01009228786009,1.9899077121399102
84.83,82.109308280946,2.7206917190540025
81.0,82.5897063538719,1.5897063538719038
84.0,82.85602428309038,1.1439757169096225
83.25,83.63054449510932,0.3805444951093193
84.13,83.23484526560556,0.8951547343944384
81.75,81.9305720523721,0.18057205237209928
82.67,83.48760834277992,0.8176083427799199
83.33,83.59514163195873,0.265141631958727
84.25,82.96711632334686,1.2828836766531424
83.33,81.99920519443428,1.3307948055657164
84.0,81.90276947961584,2.0972305203841586
82.83,81.21209229176841,1.6179077082315843
82.33,83.64853651086844,1.3185365108684408
85.83,82.97510154884972,2.8548984511502766
76.33,81.52893151831661,5.198931518316613
82.33,81.63285033425021,0.6971496657497909
82.75,82.97144516316492,0.22144516316491547
75.5,80.41627818829154,4.9162781882915425
82.67,81.59446391851083,1.075536081489176
81.83,82.16871998516056,0.3387199851605658
83.0,83.68622081209791,0.6862208120979147
81.08,81.52173229194379,0.4417322919437936
86.0,84.30445754156509,1.6955424584349146
83.17,82.35818150614288,0.8118184938571176
83.17,83.05960755900877,0.1103924409912338
82.92,82.96672114870927,0.04672114870926691
85.17,82.98510228809386,2.184897711906146
80.67,83.00826335857145,2.338263358571453
84.75,82.17877600644684,2.5712239935531613
84.0,82.39020208775896,1.609797912241035
80.75,82.80031393019,2.0503139301900006
80.58,81.89899983835933,1.318999838359332
74.0,79.18937658373781,5.189376583737811
82.25,82.21491270856446,0.0350872914355449
82.0,81.80247144273322,0.19752855726677865
82.33,81.97579690017224,0.3542030998277568
84.67,83.09341207700867,1.5765879229913367
83.42,83.3970621754979,0.02293782450210813
83.83,83.4700679018991,0.35993209810089866
82.08,80.82248097489331,1.2575190251066886
80.58,83.1156314140918,2.535631414091796
83.17,82.85324706725767,0.3167529327423324
79.75,80.93090520676691,1.1809052067669086
80.25,80.47568498647173,0.22568498647173385
80.92,81.758949747414,0.8389497474139915
80.0,81.0020370117279,1.002037011727893
79.42,80.91417529424709,1.4941752942470856
86.58,82.92493909784787,3.6550609021521296
82.83,81.95545982786207,0.8745401721379267
83.0,82.56199796995661,0.43800203004339266
86.5,83.48481291263712,3.015187087362875
83.67,82.51977824118853,1.150221758811469
83.83,82.43942348554877,1.3905765144512259
83.33,82.81242576494522,0.5175742350547807
84.17,84.86311074353176,0.6931107435317614
85.42,82.49863765548243,2.9213623445175756
82.92,81.71095230148971,1.2090476985102896
84.08,84.04874905902568,0.03125094097431713
83.5,82.67448324371499,0.8255167562850119
81.5,81.38395512889483,0.11604487110517425
78.75,80.47403205052589,1.7240320505258921
83.92,82.10480738188357,1.815192618116427
82.0,82.35818150614288,0.35818150614288413
83.58,82.6994082258589,0.8805917741410951
82.92,83.73539227725838,0.8153922772583826
86.0,84.01425413386602,1.985745866133982
84.92,82.1465779438688,2.7734220561311957
84.58,82.98670157606013,1.5932984239398706
83.17,81.82744380760465,1.3425561923953495
82.0,80.96362163695345,1.036378363046552
81.67,82.05577637425954,0.38577637425953526
84.17,81.95597895803246,2.2140210419675412
82.17,83.64998308649446,1.4799830864944568
73.5,82.3631240060658,8.863124006065803
78.5,80.89691450319893,2.3969145031989285
81.08,85.17739360921587,4.097393609215871
84.92,83.00418679604155,1.9158132039584501
80.25,81.72338991553774,1.4733899155377372
80.75,81.20346079806309,0.4534607980630909
80.75,81.87215758672126,1.1221575867212579
81.33,83.57984940359765,2.2498494035976506
78.0,81.21652106756065,3.216521067560649
79.0,82.19458440603199,3.194584406031993
83.58,83.36306837251432,0.2169316274856783
82.0,82.92245194604736,0.9224519460473601
83.42,82.35576682220507,1.0642331777949323
84.17,82.13291894201242,2.037081057987578
78.75,82.33081202563638,3.5808120256363765
79.75,81.58587926074658,1.8358792607465801
83.0,82.72665719719909,0.2733428028009115
84.5,82.8079281785579,1.6920718214420987
83.08,82.28778234496333,0.7922176550366657
82.5,82.52049583609079,0.02049583609078809
83.08,83.46140275609402,0.38140275609401897
83.25,83.13111757525243,0.11888242474756794
82.17,81.90304752194025,0.26695247805974986
82.92,82.73799827755137,0.1820017224486321
84.42,83.73961961639816,0.6803803836018432
80.67,82.52320006637298,1.8532000663729775
81.92,82.23869503389432,0.31869503389431486
83.5,82.06945676880824,1.4305432311917627
80.25,82.19623308461334,1.9462330846133398
85.92,83.4532482362293,2.466751763770702
80.33,82.06922741318178,1.73922741318178
83.08,83.67172289081911,0.5917228908191134
82.33,82.06412419862838,0.2658758013716209
85.83,85.25251568040848,0.5774843195915196
82.42,80.84217160848786,1.577828391512142
84.5,82.90281679760466,1.5971832023953425
84.92,82.40627597150598,2.5137240284940248
79.08,82.51540001793211,3.4354000179321105
82.08,83.02149009304922,0.9414900930492252
82.75,81.66777677526136,1.082223224738641
82.67,82.74516140249366,0.07516140249366288
83.5,83.08981072892973,0.4101892710702657
82.25,83.38244128495745,1.1324412849574514
82.42,83.03305284108598,0.6130528410859739
83.08,83.11574014927358,0.035740149273578936
82.67,81.85811152300808,0.8118884769919248
80.25,82.5814345907695,2.331434590769504
77.83,82.25811521487663,4.428115214876627
82.33,82.12393266146248,0.20606733853752246
82.58,82.52902519995433,0.05097480004566535
76.75,81.42407100326483,4.674071003264828
79.75,81.69813297279931,1.9481329727993142
77.33,81.23589374266528,3.9058937426652847
81.25,82.14010558849363,0.8901055884936255
82.75,82.21769883252703,0.5323011674729656
80.5,81.83636623766408,1.3363662376640804
81.67,82.52317787836859,0.8531778783685837
79.0,80.70923980088419,1.7092398008841911
81.5,82.56309792737622,1.0630979273762193
83.42,84.35930190854363,0.9393019085436265
82.75,82.84557968278521,0.095579682785214
80.58,82.91858993208096,2.338589932080964
80.5,81.10234034240578,0.6023403424057818
81.67,82.57214841149435,0.9021484114943519
84.5,82.42626876677129,2.0737312332287132
81.5,82.24145590240379,0.7414559024037857
78.58,81.91106048048965,3.331060480489654
83.25,84.05842243886596,0.8084224388659607
83.75,81.9147386795548,1.8352613204451984
81.08,81.61011908921645,0.5301190892164556
84.25,80.83687513111732,3.413124868882676
81.83,82.40421834577208,0.5742183457720813
83.75,82.55968362231135,1.1903163776886458
84.67,81.75725804017976,2.912741959820238
81.67,82.55968362231135,0.8896836223113525
83.5,83.09729895855493,0.40270104144507
82.92,84.03299087498246,1.112990874982458
82.75,81.76018856836649,0.9898114316335125
80.25,81.71907103430735,1.4690710343073476
82.42,82.66447360269805,0.24447360269805074
83.75,80.71299295940373,3.037007040596265
84.25,83.78068304719558,0.46931695280441943
82.25,81.78070141276244,0.4692985872375601
81.92,82.68432884982654,0.7643288498265406
83.83,82.54157849726117,1.288421502738828
88.08,86.26318621791168,1.8168137820883175
84.58,84.64495063948276,0.0649506394827597
